game_date,team_name,team_venue,possessionPercentage,shotsTotal,shotsOnTarget,shotsOffTarget,shotsBlocked,shotsSaved,foulsCommitted,cornersWon,touchesInBox,aerialsWon,subsMade,attack.shotsTotal,attack.shotsOnTarget,attack.shotsOffTarget,attack.shotsBlocked,attack.cornersWon,attackOffside,attackCross,attack.attemptsOutOfBox,attack.attemptsInBox,attack.bigChanceCreated,attack.bigChanceScored,attack.hitWoodwork,attack.shotsOpenPlayOrFastBreak,distribution.touches,distribution.touchesInBox,distributionPass,distribution.accuratePass,distribution.backwardPass,distribution.forwardPass,distribution.passesRight,distribution.passesLeft,distributionLongBalls,distribution.successfulFinalThirdPasses,distributionOffside,distribution.dispossessed,distributionCross,goalkeeper.shotsSaved,goalkeeper.divingSave,goalkeeper.keeperThrows,goalkeeper.goalKicks,goalkeeper.savedShotFromOutsideBox,defence.foulsCommitted,defenceTackle,defence.wonTackle,defenceYellowCard,defenceClearance,defence.headClearance,defence.duelWon,defence.duelLost,defence.aerialWon,defence.aerialLost,goalkeeper.savedShotFromInsideBox,attack.bigChanceMissed,goalkeeper.punches,attack.oneOnOneAttempts,defence.clearanceOffLine,defence.errorLeadToShot
2020-01-01,Tranmere Rovers,home,42.1,13,6,5.0,2.0,3,17,5,28.0,20.0,,,,,,,,,,,,,,,,,,,,,,,,,,,,,,,,,,,,,,,,,,,,,,,,
2020-01-01,Coventry City,away,57.9,18,7,8.0,3.0,4,6,3,21.0,29.0,,,,,,,,,,,,,,,,,,,,,,,,,,,,,,,,,,,,,,,,,,,,,,,,
2020-01-04,Watford,home,56.0,9,3,3.0,3.0,5,13,4,,,,,,,,,,,,,,,,,,,,,,,,,,,,,,,,,,,,,,,,,,,,,,,,,,
2020-01-04,Tranmere Rovers,away,44.0,12,7,3.0,2.0,0,11,5,,,,,,,,,,,,,,,,,,,,,,,,,,,,,,,,,,,,,,,,,,,,,,,,,,
2020-01-07,Tranmere Rovers,home,43.1,7,2,0.0,5.0,2,15,7,13.0,19.0,,,,,,,,,,,,,,,,,,,,,,,,,,,,,,,,,,,,,,,,,,,,,,,,
2020-01-07,Leicester City U21,away,56.9,14,4,5.0,5.0,1,7,9,36.0,27.0,,,,,,,,,,,,,,,,,,,,,,,,,,,,,,,,,,,,,,,,,,,,,,,,
2020-01-11,Southend United,home,48.4,15,3,9.0,3.0,3,8,5,16.0,46.0,,,,,,,,,,,,,,,,,,,,,,,,,,,,,,,,,,,,,,,,,,,,,,,,
2020-01-11,Tranmere Rovers,away,51.6,9,3,4.0,2.0,3,17,7,14.0,30.0,,,,,,,,,,,,,,,,,,,,,,,,,,,,,,,,,,,,,,,,,,,,,,,,
2020-01-18,Tranmere Rovers,home,44.2,5,2,2.0,1.0,5,15,3,13.0,36.0,,,,,,,,,,,,,,,,,,,,,,,,,,,,,,,,,,,,,,,,,,,,,,,,
2020-01-18,Ipswich Town,away,55.8,16,7,3.0,6.0,1,20,4,27.0,38.0,,,,,,,,,,,,,,,,,,,,,,,,,,,,,,,,,,,,,,,,,,,,,,,,
2020-01-23,Tranmere Rovers,home,59.0,20,3,12.0,5.0,2,8,7,,,,,,,,,,,,,,,,,,,,,,,,,,,,,,,,,,,,,,,,,,,,,,,,,,
2020-01-23,Watford,away,41.0,11,3,4.0,4.0,1,21,4,,,,,,,,,,,,,,,,,,,,,,,,,,,,,,,,,,,,,,,,,,,,,,,,,,
2020-01-26,Tranmere Rovers,home,28.4,11,4,7.0,0.0,3,13,4,18.0,12.0,,,,,,,,,,,,,,,,,,,,,,,,,,,,,,,,,,,,,,,,,,,,,,,,
2020-01-26,Manchester United,away,71.6,23,9,9.0,5.0,4,11,4,42.0,18.0,,,,,,,,,,,,,,,,,,,,,,,,,,,,,,,,,,,,,,,,,,,,,,,,
2020-01-29,Tranmere Rovers,home,49.9,8,2,2.0,4.0,0,14,2,18.0,12.0,,,,,,,,,,,,,,,,,,,,,,,,,,,,,,,,,,,,,,,,,,,,,,,,
2020-01-29,Sunderland,away,50.1,5,1,2.0,2.0,2,14,3,11.0,22.0,,,,,,,,,,,,,,,,,,,,,,,,,,,,,,,,,,,,,,,,,,,,,,,,
2020-02-01,Bolton Wanderers,home,56.9,23,4,9.0,10.0,2,9,6,28.0,36.0,,,,,,,,,,,,,,,,,,,,,,,,,,,,,,,,,,,,,,,,,,,,,,,,
2020-02-01,Tranmere Rovers,away,43.1,8,2,2.0,4.0,2,14,3,13.0,21.0,,,,,,,,,,,,,,,,,,,,,,,,,,,,,,,,,,,,,,,,,,,,,,,,
2020-02-04,Tranmere Rovers,home,52.6,11,1,4.0,6.0,4,12,3,,31.0,,,,,,,,,,,,,,,,,,,,,,,,,,,,,,,,,,,,,,,,,,,,,,,,
2020-02-04,Doncaster Rovers,away,47.4,15,8,6.0,1.0,1,18,4,,35.0,,,,,,,,,,,,,,,,,,,,,,,,,,,,,,,,,,,,,,,,,,,,,,,,
2020-02-08,Tranmere Rovers,home,54.0,16,2,8.0,6.0,2,9,6,,46.0,,,,,,,,,,,,,,,,,,,,,,,,,,,,,,,,,,,,,,,,,,,,,,,,
2020-02-08,Portsmouth,away,46.0,9,4,4.0,1.0,2,15,3,,59.0,,,,,,,,,,,,,,,,,,,,,,,,,,,,,,,,,,,,,,,,,,,,,,,,
2020-02-11,Tranmere Rovers,home,49.3,15,2,5.0,8.0,3,10,5,28.0,34.0,,,,,,,,,,,,,,,,,,,,,,,,,,,,,,,,,,,,,,,,,,,,,,,,
2020-02-11,Bristol Rovers,away,50.7,15,3,7.0,5.0,3,16,2,15.0,38.0,,,,,,,,,,,,,,,,,,,,,,,,,,,,,,,,,,,,,,,,,,,,,,,,
2020-02-22,Wycombe Wanderers,home,49.3,22,9,5.0,8.0,0,13,4,22.0,42.0,,,,,,,,,,,,,,,,,,,,,,,,,,,,,,,,,,,,,,,,,,,,,,,,
2020-02-22,Tranmere Rovers,away,50.7,2,1,0.0,1.0,6,19,1,13.0,34.0,,,,,,,,,,,,,,,,,,,,,,,,,,,,,,,,,,,,,,,,,,,,,,,,
2020-02-25,Shrewsbury Town,home,50.2,17,6,6.0,5.0,3,18,6,21.0,36.0,,,,,,,,,,,,,,,,,,,,,,,,,,,,,,,,,,,,,,,,,,,,,,,,
2020-02-25,Tranmere Rovers,away,49.8,12,6,4.0,2.0,4,12,12,19.0,48.0,,,,,,,,,,,,,,,,,,,,,,,,,,,,,,,,,,,,,,,,,,,,,,,,
2020-03-07,Accrington Stanley,home,64.7,14,2,8.0,4.0,0,15,5,25.0,19.0,,,,,,,,,,,,,,,,,,,,,,,,,,,,,,,,,,,,,,,,,,,,,,,,
2020-03-07,Tranmere Rovers,away,35.3,9,2,4.0,3.0,2,12,5,16.0,30.0,,,,,,,,,,,,,,,,,,,,,,,,,,,,,,,,,,,,,,,,,,,,,,,,
2020-09-05,Tranmere Rovers,home,42.1,5,1,2.0,2.0,3,12,1,10.0,35.0,,,,,,,,,,,,,,,,,,,,,,,,,,,,,,,,,,,,,,,,,,,,,,,,
2020-09-05,Harrogate Town,away,57.9,9,4,5.0,0.0,0,12,3,30.0,31.0,,,,,,,,,,,,,,,,,,,,,,,,,,,,,,,,,,,,,,,,,,,,,,,,
2020-09-08,Port Vale,home,53.3,10,2,6.0,2.0,3,14,2,12.0,27.0,,,,,,,,,,,,,,,,,,,,,,,,,,,,,,,,,,,,,,,,,,,,,,,,
2020-09-08,Tranmere Rovers,away,46.7,8,3,3.0,2.0,2,13,2,12.0,21.0,,,,,,,,,,,,,,,,,,,,,,,,,,,,,,,,,,,,,,,,,,,,,,,,
2020-09-12,Mansfield Town,home,50.8,19,3,7.0,9.0,1,10,5,32.0,35.0,,,,,,,,,,,,,,,,,,,,,,,,,,,,,,,,,,,,,,,,,,,,,,,,
2020-09-12,Tranmere Rovers,away,49.2,5,1,2.0,2.0,3,11,3,8.0,19.0,,,,,,,,,,,,,,,,,,,,,,,,,,,,,,,,,,,,,,,,,,,,,,,,
2020-09-19,Tranmere Rovers,home,44.4,8,1,5.0,2.0,1,17,4,11.0,22.0,,,,,,,,,,,,,,,,,,,,,,,,,,,,,,,,,,,,,,,,,,,,,,,,
2020-09-19,Cheltenham Town,away,55.6,9,3,4.0,2.0,1,9,5,9.0,30.0,,,,,,,,,,,,,,,,,,,,,,,,,,,,,,,,,,,,,,,,,,,,,,,,
2020-09-26,Cambridge United,home,42.5,7,1,4.0,2.0,3,12,2,10.0,21.0,,,,,,,,,,,,,,,,,,,,,,,,,,,,,,,,,,,,,,,,,,,,,,,,
2020-09-26,Tranmere Rovers,away,57.5,15,3,6.0,6.0,1,10,14,26.0,18.0,,,,,,,,,,,,,,,,,,,,,,,,,,,,,,,,,,,,,,,,,,,,,,,,
2020-09-29,Tranmere Rovers,home,40.2,12,5,4.0,3.0,2,15,5,19.0,24.0,,,,,,,,,,,,,,,,,,,,,,,,,,,,,,,,,,,,,,,,,,,,,,,,
2020-09-29,Liverpool U21,away,59.8,15,4,7.0,4.0,2,7,7,28.0,17.0,,,,,,,,,,,,,,,,,,,,,,,,,,,,,,,,,,,,,,,,,,,,,,,,
2020-10-03,Tranmere Rovers,home,47.0,11,3,4.0,4.0,1,12,4,21.0,33.0,,,,,,,,,,,,,,,,,,,,,,,,,,,,,,,,,,,,,,,,,,,,,,,,
2020-10-03,Scunthorpe United,away,53.0,11,1,5.0,5.0,0,11,3,15.0,21.0,,,,,,,,,,,,,,,,,,,,,,,,,,,,,,,,,,,,,,,,,,,,,,,,
2020-10-10,Salford City,home,51.1,8,4,2.0,2.0,3,14,2,9.0,25.0,,,,,,,,,,,,,,,,,,,,,,,,,,,,,,,,,,,,,,,,,,,,,,,,
2020-10-10,Tranmere Rovers,away,48.9,17,5,8.0,4.0,2,10,4,23.0,42.0,,,,,,,,,,,,,,,,,,,,,,,,,,,,,,,,,,,,,,,,,,,,,,,,
2020-10-17,Newport County,home,54.5,15,6,5.0,4.0,0,12,8,29.0,25.0,,,,,,,,,,,,,,,,,,,,,,,,,,,,,,,,,,,,,,,,,,,,,,,,
2020-10-17,Tranmere Rovers,away,45.5,6,0,3.0,3.0,3,17,1,10.0,16.0,,,,,,,,,,,,,,,,,,,,,,,,,,,,,,,,,,,,,,,,,,,,,,,,
2020-10-20,Tranmere Rovers,home,42.9,5,1,3.0,1.0,3,11,2,8.0,24.0,,,,,,,,,,,,,,,,,,,,,,,,,,,,,,,,,,,,,,,,,,,,,,,,
2020-10-20,Leyton Orient,away,57.1,17,4,9.0,4.0,1,5,7,33.0,21.0,,,,,,,,,,,,,,,,,,,,,,,,,,,,,,,,,,,,,,,,,,,,,,,,
2020-10-24,Tranmere Rovers,home,46.8,10,4,4.0,2.0,2,15,5,13.0,25.0,,,,,,,,,,,,,,,,,,,,,,,,,,,,,,,,,,,,,,,,,,,,,,,,
2020-10-24,Southend United,away,53.2,12,2,5.0,5.0,2,14,8,22.0,29.0,,,,,,,,,,,,,,,,,,,,,,,,,,,,,,,,,,,,,,,,,,,,,,,,
2020-10-27,Crawley Town,home,48.8,19,6,5.0,8.0,0,17,5,26.0,39.0,,,,,,,,,,,,,,,,,,,,,,,,,,,,,,,,,,,,,,,,,,,,,,,,
2020-10-27,Tranmere Rovers,away,51.2,6,0,4.0,2.0,2,19,4,5.0,39.0,,,,,,,,,,,,,,,,,,,,,,,,,,,,,,,,,,,,,,,,,,,,,,,,
2020-10-31,Tranmere Rovers,home,62.5,13,1,9.0,3.0,1,13,4,16.0,34.0,,,,,,,,,,,,,,,,,,,,,,,,,,,,,,,,,,,,,,,,,,,,,,,,
2020-10-31,Morecambe,away,37.5,13,2,10.0,1.0,1,9,4,19.0,31.0,,,,,,,,,,,,,,,,,,,,,,,,,,,,,,,,,,,,,,,,,,,,,,,,
2020-11-03,Harrogate Town,home,49.6,9,1,4.0,4.0,1,16,11,14.0,23.0,,,,,,,,,,,,,,,,,,,,,,,,,,,,,,,,,,,,,,,,,,,,,,,,
2020-11-03,Tranmere Rovers,away,50.4,11,2,5.0,4.0,1,12,4,17.0,32.0,,,,,,,,,,,,,,,,,,,,,,,,,,,,,,,,,,,,,,,,,,,,,,,,
2020-11-07,Tranmere Rovers,home,53.0,9,5,3.0,1.0,4,13,7,,,,,,,,,,,,,,,,,,,,,,,,,,,,,,,,,,,,,,,,,,,,,,,,,,
2020-11-07,Accrington Stanley,away,47.0,18,5,6.0,7.0,3,9,7,,,,,,,,,,,,,,,,,,,,,,,,,,,,,,,,,,,,,,,,,,,,,,,,,,
2020-11-11,Tranmere Rovers,home,56.0,11,6,3.0,2.0,4,14,3,13.0,24.0,,,,,,,,,,,,,,,,,,,,,,,,,,,,,,,,,,,,,,,,,,,,,,,,
2020-11-11,Wigan Athletic,away,44.0,11,6,3.0,2.0,3,9,4,18.0,16.0,,,,,,,,,,,,,,,,,,,,,,,,,,,,,,,,,,,,,,,,,,,,,,,,
2020-11-14,Port Vale,home,31.7,8,4,1.0,3.0,2,19,2,17.0,19.0,,,,,,,,,,,,,,,,,,,,,,,,,,,,,,,,,,,,,,,,,,,,,,,,
2020-11-14,Tranmere Rovers,away,68.3,15,6,5.0,4.0,1,15,5,16.0,19.0,,,,,,,,,,,,,,,,,,,,,,,,,,,,,,,,,,,,,,,,,,,,,,,,
2020-11-21,Tranmere Rovers,home,55.2,9,6,2.0,1.0,0,13,2,16.0,20.0,,,,,,,,,,,,,,,,,,,,,,,,,,,,,,,,,,,,,,,,,,,,,,,,
2020-11-21,Grimsby Town,away,44.8,9,0,4.0,5.0,1,21,5,17.0,26.0,,,,,,,,,,,,,,,,,,,,,,,,,,,,,,,,,,,,,,,,,,,,,,,,
2020-11-24,Tranmere Rovers,home,64.7,7,3,3.0,1.0,2,14,6,13.0,32.0,,,,,,,,,,,,,,,,,,,,,,,,,,,,,,,,,,,,,,,,,,,,,,,,
2020-11-24,Carlisle United,away,35.3,12,2,5.0,5.0,2,14,8,24.0,20.0,,,,,,,,,,,,,,,,,,,,,,,,,,,,,,,,,,,,,,,,,,,,,,,,
2020-11-27,Tranmere Rovers,home,66.7,14,2,6.0,6.0,0,12,4,21.0,23.0,,,,,,,,,,,,,,,,,,,,,,,,,,,,,,,,,,,,,,,,,,,,,,,,
2020-11-27,Brackley Town,away,33.3,9,0,6.0,3.0,1,12,3,24.0,18.0,,,,,,,,,,,,,,,,,,,,,,,,,,,,,,,,,,,,,,,,,,,,,,,,
2020-12-01,Oldham Athletic,home,53.0,10,2,4.0,4.0,1,16,4,7.0,19.0,,,,,,,,,,,,,,,,,,,,,,,,,,,,,,,,,,,,,,,,,,,,,,,,
2020-12-01,Tranmere Rovers,away,47.0,8,2,5.0,1.0,2,16,6,10.0,10.0,,,,,,,,,,,,,,,,,,,,,,,,,,,,,,,,,,,,,,,,,,,,,,,,
2020-12-05,Tranmere Rovers,home,61.6,7,2,4.0,1.0,9,10,2,10.0,22.0,,,,,,,,,,,,,,,,,,,,,,,,,,,,,,,,,,,,,,,,,,,,,,,,
2020-12-05,Walsall,away,38.4,21,13,7.0,1.0,1,12,6,25.0,26.0,,,,,,,,,,,,,,,,,,,,,,,,,,,,,,,,,,,,,,,,,,,,,,,,
2020-12-08,Tranmere Rovers,home,52.7,14,5,5.0,4.0,4,13,8,24.0,16.0,,,,,,,,,,,,,,,,,,,,,,,,,,,,,,,,,,,,,,,,,,,,,,,,
2020-12-08,Manchester City U21,away,47.3,13,5,5.0,3.0,3,11,6,27.0,9.0,,,,,,,,,,,,,,,,,,,,,,,,,,,,,,,,,,,,,,,,,,,,,,,,
2020-12-12,Exeter City,home,46.9,17,6,8.0,3.0,1,9,1,32.0,28.0,,,,,,,,,,,,,,,,,,,,,,,,,,,,,,,,,,,,,,,,,,,,,,,,
2020-12-12,Tranmere Rovers,away,53.1,7,1,4.0,2.0,1,15,5,11.0,25.0,,,,,,,,,,,,,,,,,,,,,,,,,,,,,,,,,,,,,,,,,,,,,,,,
2020-12-19,Bolton Wanderers,home,53.1,16,3,7.0,6.0,2,13,7,20.0,26.0,,,,,,,,,,,,,,,,,,,,,,,,,,,,,,,,,,,,,,,,,,,,,,,,
2020-12-19,Tranmere Rovers,away,46.9,11,5,5.0,1.0,3,13,4,20.0,22.0,,,,,,,,,,,,,,,,,,,,,,,,,,,,,,,,,,,,,,,,,,,,,,,,
2020-12-26,Tranmere Rovers,home,62.9,13,6,6.0,1.0,2,10,8,15.0,18.0,,,,,,,,,,,,,,,,,,,,,,,,,,,,,,,,,,,,,,,,,,,,,,,,
2020-12-26,Bradford City,away,37.1,9,3,5.0,1.0,6,9,8,14.0,14.0,,,,,,,,,,,,,,,,,,,,,,,,,,,,,,,,,,,,,,,,,,,,,,,,
2020-12-29,Barrow,home,45.2,11,5,2.0,4.0,9,11,3,22.0,17.0,,,,,,,,,,,,,,,,,,,,,,,,,,,,,,,,,,,,,,,,,,,,,,,,
2020-12-29,Tranmere Rovers,away,54.8,16,10,4.0,2.0,4,17,7,31.0,24.0,,,,,,,,,,,,,,,,,,,,,,,,,,,,,,,,,,,,,,,,,,,,,,,,
2021-01-10,Barnsley,home,57.1,20,6,6.0,8.0,2,11,6,44.0,30.0,,,,,,,,,,,,,,,,,,,,,,,,,,,,,,,,,,,,,,,,,,,,,,,,
2021-01-10,Tranmere Rovers,away,42.9,5,2,2.0,1.0,3,9,3,10.0,29.0,,,,,,,,,,,,,,,,,,,,,,,,,,,,,,,,,,,,,,,,,,,,,,,,
2021-01-13,Tranmere Rovers,home,55.7,24,9,8.0,7.0,0,5,6,34.0,17.0,,,,,,,,,,,,,,,,,,,,,,,,,,,,,,,,,,,,,,,,,,,,,,,,
2021-01-13,Leicester City U21,away,44.3,13,2,5.0,6.0,5,5,5,21.0,16.0,,,,,,,,,,,,,,,,,,,,,,,,,,,,,,,,,,,,,,,,,,,,,,,,
2021-01-16,Stevenage,home,45.8,16,2,6.0,8.0,3,13,7,25.0,28.0,,,,,,,,,,,,,,,,,,,,,,,,,,,,,,,,,,,,,,,,,,,,,,,,
2021-01-16,Tranmere Rovers,away,54.2,9,3,3.0,3.0,2,15,3,19.0,38.0,,,,,,,,,,,,,,,,,,,,,,,,,,,,,,,,,,,,,,,,,,,,,,,,
2021-01-19,Tranmere Rovers,home,54.3,14,8,4.0,2.0,6,17,6,21.0,18.0,,,,,,,,,,,,,,,,,,,,,,,,,,,,,,,,,,,,,,,,,,,,,,,,
2021-01-19,Forest Green Rovers,away,45.7,15,8,6.0,1.0,5,12,1,21.0,10.0,,,,,,,,,,,,,,,,,,,,,,,,,,,,,,,,,,,,,,,,,,,,,,,,
2021-01-23,Tranmere Rovers,home,47.4,11,3,5.0,3.0,3,11,6,23.0,23.0,,,,,,,,,,,,,,,,,,,,,,,,,,,,,,,,,,,,,,,,,,,,,,,,
2021-01-23,Bolton Wanderers,away,52.6,13,4,5.0,4.0,1,6,6,22.0,22.0,,,,,,,,,,,,,,,,,,,,,,,,,,,,,,,,,,,,,,,,,,,,,,,,
2021-01-26,Tranmere Rovers,home,54.9,14,6,5.0,3.0,4,12,6,28.0,38.0,,,,,,,,,,,,,,,,,,,,,,,,,,,,,,,,,,,,,,,,,,,,,,,,
2021-01-26,Harrogate Town,away,45.1,15,6,4.0,5.0,3,14,6,33.0,41.0,,,,,,,,,,,,,,,,,,,,,,,,,,,,,,,,,,,,,,,,,,,,,,,,
2021-01-30,Morecambe,home,27.1,8,0,5.0,3.0,2,11,1,14.0,16.0,,,,,,,,,,,,,,,,,,,,,,,,,,,,,,,,,,,,,,,,,,,,,,,,
2021-01-30,Tranmere Rovers,away,72.9,21,3,10.0,8.0,0,9,10,23.0,30.0,,,,,,,,,,,,,,,,,,,,,,,,,,,,,,,,,,,,,,,,,,,,,,,,
2021-02-02,Tranmere Rovers,home,51.2,14,4,5.0,5.0,4,16,2,19.0,29.0,,,,,,,,,,,,,,,,,,,,,,,,,,,,,,,,,,,,,,,,,,,,,,,,
2021-02-02,Peterborough United,away,48.8,17,6,8.0,3.0,2,7,6,26.0,32.0,,,,,,,,,,,,,,,,,,,,,,,,,,,,,,,,,,,,,,,,,,,,,,,,
2021-02-06,Tranmere Rovers,home,55.2,11,7,2.0,2.0,2,15,6,29.0,33.0,,,,,,,,,,,,,,,,,,,,,,,,,,,,,,,,,,,,,,,,,,,,,,,,
2021-02-06,Port Vale,away,44.8,7,3,1.0,3.0,4,10,5,15.0,22.0,,,,,,,,,,,,,,,,,,,,,,,,,,,,,,,,,,,,,,,,,,,,,,,,
2021-02-09,Tranmere Rovers,home,63.1,4,2,1.0,1.0,1,15,4,14.0,41.0,,,,,,,,,,,,,,,,,,,,,,,,,,,,,,,,,,,,,,,,,,,,,,,,
2021-02-09,Stevenage,away,36.9,6,2,2.0,2.0,2,4,2,10.0,26.0,,,,,,,,,,,,,,,,,,,,,,,,,,,,,,,,,,,,,,,,,,,,,,,,
2021-02-16,Oxford United,home,53.8,17,5,8.0,4.0,3,18,5,31.0,34.0,,,,,,,,,,,,,,,,,,,,,,,,,,,,,,,,,,,,,,,,,,,,,,,,
2021-02-16,Tranmere Rovers,away,46.2,10,5,3.0,2.0,5,18,5,18.0,25.0,,,,,,,,,,,,,,,,,,,,,,,,,,,,,,,,,,,,,,,,,,,,,,,,
2021-02-20,Tranmere Rovers,home,66.7,19,7,6.0,6.0,1,15,8,29.0,21.0,,,,,,,,,,,,,,,,,,,,,,,,,,,,,,,,,,,,,,,,,,,,,,,,
2021-02-20,Oldham Athletic,away,33.3,9,3,3.0,3.0,4,14,3,16.0,14.0,,,,,,,,,,,,,,,,,,,,,,,,,,,,,,,,,,,,,,,,,,,,,,,,
2021-02-23,Carlisle United,home,47.9,11,4,4.0,3.0,2,9,9,22.0,30.0,,,,,,,,,,,,,,,,,,,,,,,,,,,,,,,,,,,,,,,,,,,,,,,,
2021-02-23,Tranmere Rovers,away,52.1,12,5,3.0,4.0,1,12,7,12.0,42.0,,,,,,,,,,,,,,,,,,,,,,,,,,,,,,,,,,,,,,,,,,,,,,,,
2021-02-27,Leyton Orient,home,58.6,13,5,3.0,5.0,1,8,6,28.0,19.0,,,,,,,,,,,,,,,,,,,,,,,,,,,,,,,,,,,,,,,,,,,,,,,,
2021-02-27,Tranmere Rovers,away,41.4,9,4,4.0,1.0,3,16,2,17.0,27.0,,,,,,,,,,,,,,,,,,,,,,,,,,,,,,,,,,,,,,,,,,,,,,,,
2021-03-02,Tranmere Rovers,home,46.0,6,3,1.0,2.0,2,18,4,5.0,39.0,,,,,,,,,,,,,,,,,,,,,,,,,,,,,,,,,,,,,,,,,,,,,,,,
2021-03-02,Newport County,away,54.0,12,2,3.0,7.0,2,13,2,13.0,42.0,,,,,,,,,,,,,,,,,,,,,,,,,,,,,,,,,,,,,,,,,,,,,,,,
2021-03-06,Tranmere Rovers,home,54.2,10,3,6.0,1.0,3,9,7,18.0,34.0,,,,,,,,,,,,,,,,,,,,,,,,,,,,,,,,,,,,,,,,,,,,,,,,
2021-03-06,Crawley Town,away,45.8,12,4,5.0,3.0,3,13,5,25.0,36.0,,,,,,,,,,,,,,,,,,,,,,,,,,,,,,,,,,,,,,,,,,,,,,,,
2021-03-09,Southend United,home,37.0,8,2,3.0,3.0,1,10,2,12.0,29.0,,,,,,,,,,,,,,,,,,,,,,,,,,,,,,,,,,,,,,,,,,,,,,,,
2021-03-09,Tranmere Rovers,away,63.0,11,4,3.0,4.0,2,6,7,21.0,42.0,,,,,,,,,,,,,,,,,,,,,,,,,,,,,,,,,,,,,,,,,,,,,,,,
2021-03-14,Sunderland,home,52.4,13,2,6.0,5.0,6,16,4,16.0,24.0,,,,,,,,,,,,,,,,,,,,,,,,,,,,,,,,,,,,,,,,,,,,,,,,
2021-03-14,Tranmere Rovers,away,47.6,11,5,2.0,4.0,1,12,4,23.0,22.0,,,,,,,,,,,,,,,,,,,,,,,,,,,,,,,,,,,,,,,,,,,,,,,,
2021-03-17,Grimsby Town,home,41.1,12,3,8.0,1.0,1,16,3,20.0,25.0,,,,,,,,,,,,,,,,,,,,,,,,,,,,,,,,,,,,,,,,,,,,,,,,
2021-03-17,Tranmere Rovers,away,58.9,8,1,4.0,3.0,3,17,7,19.0,29.0,,,,,,,,,,,,,,,,,,,,,,,,,,,,,,,,,,,,,,,,,,,,,,,,
2021-03-20,Tranmere Rovers,home,41.5,4,2,1.0,1.0,1,18,2,11.0,32.0,,,,,,,,,,,,,,,,,,,,,,,,,,,,,,,,,,,,,,,,,,,,,,,,
2021-03-20,Exeter City,away,58.5,8,2,2.0,4.0,0,14,6,15.0,32.0,,,,,,,,,,,,,,,,,,,,,,,,,,,,,,,,,,,,,,,,,,,,,,,,
2021-03-23,Colchester United,home,37.2,9,3,5.0,1.0,2,10,3,17.0,27.0,,,,,,,,,,,,,,,,,,,,,,,,,,,,,,,,,,,,,,,,,,,,,,,,
2021-03-23,Tranmere Rovers,away,62.8,12,4,5.0,3.0,1,11,4,20.0,29.0,,,,,,,,,,,,,,,,,,,,,,,,,,,,,,,,,,,,,,,,,,,,,,,,
2021-03-27,Tranmere Rovers,home,54.7,15,3,8.0,4.0,2,15,3,17.0,36.0,,,,,,,,,,,,,,,,,,,,,,,,,,,,,,,,,,,,,,,,,,,,,,,,
2021-03-27,Mansfield Town,away,45.3,13,3,5.0,5.0,2,13,2,27.0,37.0,,,,,,,,,,,,,,,,,,,,,,,,,,,,,,,,,,,,,,,,,,,,,,,,
2021-04-02,Cheltenham Town,home,35.1,16,6,7.0,3.0,2,12,3,20.0,19.0,,,,,,,,,,,,,,,,,,,,,,,,,,,,,,,,,,,,,,,,,,,,,,,,
2021-04-02,Tranmere Rovers,away,64.9,10,2,8.0,0.0,2,10,0,10.0,28.0,,,,,,,,,,,,,,,,,,,,,,,,,,,,,,,,,,,,,,,,,,,,,,,,
2021-04-05,Tranmere Rovers,home,58.0,11,3,6.0,2.0,4,12,7,19.0,32.0,,,,,,,,,,,,,,,,,,,,,,,,,,,,,,,,,,,,,,,,,,,,,,,,
2021-04-05,Cambridge United,away,42.0,7,5,2.0,0.0,2,9,2,15.0,32.0,,,,,,,,,,,,,,,,,,,,,,,,,,,,,,,,,,,,,,,,,,,,,,,,
2021-04-10,Scunthorpe United,home,41.9,10,3,6.0,1.0,3,8,2,10.0,23.0,,,,,,,,,,,,,,,,,,,,,,,,,,,,,,,,,,,,,,,,,,,,,,,,
2021-04-10,Tranmere Rovers,away,58.1,19,3,13.0,3.0,3,8,12,29.0,37.0,,,,,,,,,,,,,,,,,,,,,,,,,,,,,,,,,,,,,,,,,,,,,,,,
2021-04-13,Walsall,home,45.3,7,4,3.0,0.0,1,8,3,7.0,44.0,,,,,,,,,,,,,,,,,,,,,,,,,,,,,,,,,,,,,,,,,,,,,,,,
2021-04-13,Tranmere Rovers,away,54.7,6,1,4.0,1.0,3,20,4,15.0,38.0,,,,,,,,,,,,,,,,,,,,,,,,,,,,,,,,,,,,,,,,,,,,,,,,
2021-04-17,Tranmere Rovers,home,46.0,11,3,6.0,2.0,2,18,4,12.0,45.0,,,,,,,,,,,,,,,,,,,,,,,,,,,,,,,,,,,,,,,,,,,,,,,,
2021-04-17,Salford City,away,54.0,8,2,3.0,3.0,3,11,6,12.0,36.0,,,,,,,,,,,,,,,,,,,,,,,,,,,,,,,,,,,,,,,,,,,,,,,,
2021-04-20,Bradford City,home,57.1,12,0,7.0,5.0,0,14,5,19.0,33.0,,,,,,,,,,,,,,,,,,,,,,,,,,,,,,,,,,,,,,,,,,,,,,,,
2021-04-20,Tranmere Rovers,away,42.9,7,0,5.0,2.0,0,16,3,9.0,27.0,,,,,,,,,,,,,,,,,,,,,,,,,,,,,,,,,,,,,,,,,,,,,,,,
2021-04-24,Tranmere Rovers,home,57.6,8,4,3.0,1.0,2,7,9,15.0,16.0,,,,,,,,,,,,,,,,,,,,,,,,,,,,,,,,,,,,,,,,,,,,,,,,
2021-04-24,Barrow,away,42.4,8,2,4.0,2.0,3,14,4,18.0,42.0,,,,,,,,,,,,,,,,,,,,,,,,,,,,,,,,,,,,,,,,,,,,,,,,
2021-05-01,Forest Green Rovers,home,38.7,7,2,4.0,1.0,1,11,2,8.0,28.0,,,,,,,,,,,,,,,,,,,,,,,,,,,,,,,,,,,,,,,,,,,,,,,,
2021-05-01,Tranmere Rovers,away,61.3,8,2,2.0,4.0,0,7,9,18.0,21.0,,,,,,,,,,,,,,,,,,,,,,,,,,,,,,,,,,,,,,,,,,,,,,,,
2021-05-08,Tranmere Rovers,home,54.1,5,0,3.0,2.0,3,14,7,11.0,22.0,,,,,,,,,,,,,,,,,,,,,,,,,,,,,,,,,,,,,,,,,,,,,,,,
2021-05-08,Colchester United,away,45.9,6,3,3.0,0.0,0,13,5,10.0,36.0,,,,,,,,,,,,,,,,,,,,,,,,,,,,,,,,,,,,,,,,,,,,,,,,
2021-05-20,Tranmere Rovers,home,75.1,18,3,11.0,4.0,2,7,11,31.0,22.0,,,,,,,,,,,,,,,,,,,,,,,,,,,,,,,,,,,,,,,,,,,,,,,,
2021-05-20,Morecambe,away,24.9,7,4,2.0,1.0,2,8,3,15.0,33.0,,,,,,,,,,,,,,,,,,,,,,,,,,,,,,,,,,,,,,,,,,,,,,,,
2021-05-23,Morecambe,home,34.1,13,3,4.0,6.0,3,9,7,17.0,32.0,,,,,,,,,,,,,,,,,,,,,,,,,,,,,,,,,,,,,,,,,,,,,,,,
2021-05-23,Tranmere Rovers,away,65.9,10,4,3.0,3.0,2,18,8,20.0,34.0,,,,,,,,,,,,,,,,,,,,,,,,,,,,,,,,,,,,,,,,,,,,,,,,
2021-08-07,Tranmere Rovers,home,51.8,10,3,2.0,5.0,3,12,8,23.0,29.0,,,,,,,,,,,,,,,,,,,,,,,,,,,,,,,,,,,,,,,,,,,,,,,,
2021-08-07,Walsall,away,48.2,18,3,7.0,8.0,2,16,12,33.0,32.0,,,,,,,,,,,,,,,,,,,,,,,,,,,,,,,,,,,,,,,,,,,,,,,,
2021-08-10,Oldham Athletic,home,50.0,19,4,11.0,4.0,1,6,11,25.0,17.0,,,,,,,,,,,,,,,,,,,,,,,,,,,,,,,,,,,,,,,,,,,,,,,,
2021-08-10,Tranmere Rovers,away,50.0,8,3,2.0,3.0,3,12,4,13.0,15.0,,,,,,,,,,,,,,,,,,,,,,,,,,,,,,,,,,,,,,,,,,,,,,,,
2021-08-14,Port Vale,home,36.0,14,3,7.0,4.0,2,16,7,22.0,29.0,,,,,,,,,,,,,,,,,,,,,,,,,,,,,,,,,,,,,,,,,,,,,,,,
2021-08-14,Tranmere Rovers,away,64.0,10,2,5.0,3.0,3,10,3,21.0,25.0,,,,,,,,,,,,,,,,,,,,,,,,,,,,,,,,,,,,,,,,,,,,,,,,
2021-08-17,Swindon Town,home,62.6,15,7,3.0,5.0,3,15,7,22.0,7.0,,,,,,,,,,,,,,,,,,,,,,,,,,,,,,,,,,,,,,,,,,,,,,,,
2021-08-17,Tranmere Rovers,away,37.4,14,3,6.0,5.0,6,22,4,18.0,15.0,,,,,,,,,,,,,,,,,,,,,,,,,,,,,,,,,,,,,,,,,,,,,,,,
2021-08-21,Tranmere Rovers,home,56.0,11,5,3.0,3.0,2,15,5,15.0,19.0,,,,,,,,,,,,,,,,,,,,,,,,,,,,,,,,,,,,,,,,,,,,,,,,
2021-08-21,Newport County,away,44.0,12,3,6.0,3.0,6,10,6,20.0,13.0,,,,,,,,,,,,,,,,,,,,,,,,,,,,,,,,,,,,,,,,,,,,,,,,
2021-08-28,Scunthorpe United,home,27.3,10,6,3.0,1.0,0,13,4,15.0,22.0,,,,,,,,,,,,,,,,,,,,,,,,,,,,,,,,,,,,,,,,,,,,,,,,
2021-08-28,Tranmere Rovers,away,72.7,5,0,3.0,2.0,4,16,6,16.0,33.0,,,,,,,,,,,,,,,,,,,,,,,,,,,,,,,,,,,,,,,,,,,,,,,,
2021-09-04,Tranmere Rovers,home,53.3,9,3,5.0,1.0,2,10,6,12.0,35.0,,,,,,,,,,,,,,,,,,,,,,,,,,,,,,,,,,,,,,,,,,,,,,,,
2021-09-04,Hartlepool United,away,46.7,16,2,5.0,9.0,2,12,7,24.0,26.0,,,,,,,,,,,,,,,,,,,,,,,,,,,,,,,,,,,,,,,,,,,,,,,,
2021-09-11,Rochdale,home,54.3,17,4,7.0,6.0,1,10,9,42.0,25.0,,,,,,,,,,,,,,,,,,,,,,,,,,,,,,,,,,,,,,,,,,,,,,,,
2021-09-11,Tranmere Rovers,away,45.7,9,1,3.0,5.0,3,10,5,16.0,20.0,,,,,,,,,,,,,,,,,,,,,,,,,,,,,,,,,,,,,,,,,,,,,,,,
2021-09-18,Tranmere Rovers,home,58.0,12,7,2.0,3.0,3,9,2,20.0,21.0,,,,,,,,,,,,,,,,,,,,,,,,,,,,,,,,,,,,,,,,,,,,,,,,
2021-09-18,Salford City,away,42.0,9,3,5.0,1.0,5,13,4,14.0,17.0,,,,,,,,,,,,,,,,,,,,,,,,,,,,,,,,,,,,,,,,,,,,,,,,
2021-09-25,Forest Green Rovers,home,53.7,23,5,10.0,8.0,4,17,8,32.0,26.0,,,,,,,,,,,,,,,,,,,,,,,,,,,,,,,,,,,,,,,,,,,,,,,,
2021-09-25,Tranmere Rovers,away,46.3,17,4,7.0,6.0,5,12,4,15.0,15.0,,,,,,,,,,,,,,,,,,,,,,,,,,,,,,,,,,,,,,,,,,,,,,,,
2021-10-02,Tranmere Rovers,home,57.4,16,4,7.0,5.0,2,11,3,21.0,29.0,,,,,,,,,,,,,,,,,,,,,,,,,,,,,,,,,,,,,,,,,,,,,,,,
2021-10-02,Crawley Town,away,42.6,12,3,6.0,3.0,2,12,4,14.0,26.0,,,,,,,,,,,,,,,,,,,,,,,,,,,,,,,,,,,,,,,,,,,,,,,,
2021-10-05,Salford City,home,36.8,7,1,5.0,1.0,3,18,3,14.0,4.0,,,,,,,,,,,,,,,,,,,,,,,,,,,,,,,,,,,,,,,,,,,,,,,,
2021-10-05,Tranmere Rovers,away,63.2,12,5,5.0,2.0,1,12,6,17.0,17.0,,,,,,,,,,,,,,,,,,,,,,,,,,,,,,,,,,,,,,,,,,,,,,,,
2021-10-08,Tranmere Rovers,home,61.3,15,4,4.0,7.0,1,11,9,24.0,28.0,,,,,,,,,,,,,,,,,,,,,,,,,,,,,,,,,,,,,,,,,,,,,,,,
2021-10-08,Colchester United,away,38.7,11,1,5.0,5.0,3,16,2,13.0,18.0,,,,,,,,,,,,,,,,,,,,,,,,,,,,,,,,,,,,,,,,,,,,,,,,
2021-10-16,Carlisle United,home,40.0,18,2,7.0,9.0,4,14,7,18.0,20.0,,,,,,,,,,,,,,,,,,,,,,,,,,,,,,,,,,,,,,,,,,,,,,,,
2021-10-16,Tranmere Rovers,away,60.0,9,4,3.0,2.0,2,8,2,13.0,17.0,,,,,,,,,,,,,,,,,,,,,,,,,,,,,,,,,,,,,,,,,,,,,,,,
2021-10-19,Harrogate Town,home,46.5,12,4,3.0,5.0,2,10,5,25.0,22.0,,,,,,,,,,,,,,,,,,,,,,,,,,,,,,,,,,,,,,,,,,,,,,,,
2021-10-19,Tranmere Rovers,away,53.5,15,5,6.0,4.0,2,17,4,24.0,26.0,,,,,,,,,,,,,,,,,,,,,,,,,,,,,,,,,,,,,,,,,,,,,,,,
2021-10-23,Tranmere Rovers,home,61.6,7,0,4.0,3.0,4,10,2,17.0,23.0,,,,,,,,,,,,,,,,,,,,,,,,,,,,,,,,,,,,,,,,,,,,,,,,
2021-10-23,Northampton Town,away,38.4,19,6,10.0,3.0,0,14,5,21.0,28.0,,,,,,,,,,,,,,,,,,,,,,,,,,,,,,,,,,,,,,,,,,,,,,,,
2021-10-30,Mansfield Town,home,43.5,10,2,5.0,3.0,2,17,3,20.0,26.0,,,,,,,,,,,,,,,,,,,,,,,,,,,,,,,,,,,,,,,,,,,,,,,,
2021-10-30,Tranmere Rovers,away,56.5,9,2,3.0,4.0,0,10,3,15.0,25.0,,,,,,,,,,,,,,,,,,,,,,,,,,,,,,,,,,,,,,,,,,,,,,,,
2021-11-06,Crawley Town,home,57.0,9,3,6.0,0.0,1,14,2,,,,,,,,,,,,,,,,,,,,,,,,,,,,,,,,,,,,,,,,,,,,,,,,,,
2021-11-06,Tranmere Rovers,away,43.0,5,2,2.0,1.0,2,8,1,,,,,,,,,,,,,,,,,,,,,,,,,,,,,,,,,,,,,,,,,,,,,,,,,,
2021-11-09,Tranmere Rovers,home,53.6,14,5,7.0,2.0,3,9,6,26.0,12.0,,,,,,,,,,,,,,,,,,,,,,,,,,,,,,,,,,,,,,,,,,,,,,,,
2021-11-09,Oldham Athletic,away,46.4,16,5,6.0,5.0,2,13,3,23.0,20.0,,,,,,,,,,,,,,,,,,,,,,,,,,,,,,,,,,,,,,,,,,,,,,,,
2021-11-13,Tranmere Rovers,home,64.6,14,1,5.0,8.0,1,5,9,21.0,28.0,,,,,,,,,,,,,,,,,,,,,,,,,,,,,,,,,,,,,,,,,,,,,,,,
2021-11-13,Sutton United,away,35.4,17,3,5.0,9.0,1,8,5,26.0,36.0,,,,,,,,,,,,,,,,,,,,,,,,,,,,,,,,,,,,,,,,,,,,,,,,
2021-11-20,Bristol Rovers,home,57.8,10,3,4.0,3.0,2,10,5,20.0,36.0,,,,,,,,,,,,,,,,,,,,,,,,,,,,,,,,,,,,,,,,,,,,,,,,
2021-11-20,Tranmere Rovers,away,42.2,10,4,3.0,3.0,1,12,5,13.0,25.0,,,,,,,,,,,,,,,,,,,,,,,,,,,,,,,,,,,,,,,,,,,,,,,,
2021-11-23,Tranmere Rovers,home,58.2,14,7,4.0,3.0,1,13,2,16.0,48.0,,,,,,,,,,,,,,,,,,,,,,,,,,,,,,,,,,,,,,,,,,,,,,,,
2021-11-23,Bradford City,away,41.8,8,2,3.0,3.0,3,13,4,12.0,37.0,,,,,,,,,,,,,,,,,,,,,,,,,,,,,,,,,,,,,,,,,,,,,,,,
2021-12-04,Leyton Orient,home,59.4,12,4,4.0,4.0,2,15,6,,,,,,,,,,,,,,,,,,,,,,,,,,,,,,,,,,,,,,,,,,,,,,,,,,
2021-12-04,Tranmere Rovers,away,40.6,6,2,3.0,1.0,0,15,2,,,,,,,,,,,,,,,,,,,,,,,,,,,,,,,,,,,,,,,,,,,,,,,,,,
2021-12-07,Oldham Athletic,home,53.7,14,5,4.0,5.0,3,4,8,31.0,23.0,,,,,,,,,,,,,,,,,,,,,,,,,,,,,,,,,,,,,,,,,,,,,,,,
2021-12-07,Tranmere Rovers,away,46.3,16,4,9.0,3.0,4,6,9,25.0,24.0,,,,,,,,,,,,,,,,,,,,,,,,,,,,,,,,,,,,,,,,,,,,,,,,
2021-12-11,Exeter City,home,66.6,16,1,5.0,10.0,4,10,15,42.0,21.0,,,,,,,,,,,,,,,,,,,,,,,,,,,,,,,,,,,,,,,,,,,,,,,,
2021-12-11,Tranmere Rovers,away,33.4,11,5,3.0,3.0,1,10,4,14.0,36.0,,,,,,,,,,,,,,,,,,,,,,,,,,,,,,,,,,,,,,,,,,,,,,,,
2021-12-18,Tranmere Rovers,home,44.7,11,4,2.0,5.0,4,11,6,11.0,40.0,,,,,,,,,,,,,,,,,,,,,,,,,,,,,,,,,,,,,,,,,,,,,,,,
2021-12-18,Leyton Orient,away,55.3,14,4,7.0,3.0,3,13,4,18.0,34.0,,,,,,,,,,,,,,,,,,,,,,,,,,,,,,,,,,,,,,,,,,,,,,,,
2021-12-21,Tranmere Rovers,home,44.9,11,7,3.0,1.0,0,9,7,18.0,32.0,,,,,,,,,,,,,,,,,,,,,,,,,,,,,,,,,,,,,,,,,,,,,,,,
2021-12-21,Harrogate Town,away,55.1,15,2,9.0,4.0,6,10,7,22.0,34.0,,,,,,,,,,,,,,,,,,,,,,,,,,,,,,,,,,,,,,,,,,,,,,,,
2021-12-26,Tranmere Rovers,home,39.9,11,5,4.0,2.0,2,16,2,11.0,30.0,,,,,,,,,,,,,,,,,,,,,,,,,,,,,,,,,,,,,,,,,,,,,,,,
2021-12-26,Barrow,away,60.1,7,2,4.0,1.0,3,11,2,6.0,26.0,,,,,,,,,,,,,,,,,,,,,,,,,,,,,,,,,,,,,,,,,,,,,,,,
2022-01-08,Tranmere Rovers,home,43.9,12,8,3.0,1.0,2,6,8,13.0,29.0,,,,,,,,,,,,,,,,,,,,,,,,,,,,,,,,,,,,,,,,,,,,,,,,
2022-01-08,Scunthorpe United,away,56.1,8,3,2.0,3.0,3,9,7,12.0,24.0,,,,,,,,,,,,,,,,,,,,,,,,,,,,,,,,,,,,,,,,,,,,,,,,
2022-01-11,Salford City,home,51.0,12,2,7.0,3.0,1,18,8,21.0,37.0,,,,,,,,,,,,,,,,,,,,,,,,,,,,,,,,,,,,,,,,,,,,,,,,
2022-01-11,Tranmere Rovers,away,49.0,7,2,4.0,1.0,1,19,1,11.0,49.0,,,,,,,,,,,,,,,,,,,,,,,,,,,,,,,,,,,,,,,,,,,,,,,,
2022-01-15,Tranmere Rovers,home,36.5,5,3,1.0,1.0,4,12,3,12.0,18.0,,,,,,,,,,,,,,,,,,,,,,,,,,,,,,,,,,,,,,,,,,,,,,,,
2022-01-15,Rochdale,away,63.5,12,4,1.0,7.0,2,7,12,35.0,22.0,,,,,,,,,,,,,,,,,,,,,,,,,,,,,,,,,,,,,,,,,,,,,,,,
2022-01-22,Crawley Town,home,51.9,6,1,4.0,1.0,2,12,3,16.0,43.0,,,,,,,,,,,,,,,,,,,,,,,,,,,,,,,,,,,,,,,,,,,,,,,,
2022-01-22,Tranmere Rovers,away,48.1,11,3,5.0,3.0,1,19,5,13.0,35.0,,,,,,,,,,,,,,,,,,,,,,,,,,,,,,,,,,,,,,,,,,,,,,,,
2022-01-29,Tranmere Rovers,home,51.6,6,3,2.0,1.0,2,11,5,19.0,25.0,,,,,,,,,,,,,,,,,,,,,,,,,,,,,,,,,,,,,,,,,,,,,,,,
2022-01-29,Forest Green Rovers,away,48.4,14,6,4.0,4.0,3,10,6,25.0,24.0,,,,,,,,,,,,,,,,,,,,,,,,,,,,,,,,,,,,,,,,,,,,,,,,
2022-02-01,Tranmere Rovers,home,45.9,12,6,2.0,4.0,2,4,7,25.0,33.0,,,,,,,,,,,,,,,,,,,,,,,,,,,,,,,,,,,,,,,,,,,,,,,,
2022-02-01,Stevenage,away,54.1,10,2,6.0,2.0,5,6,5,20.0,37.0,,,,,,,,,,,,,,,,,,,,,,,,,,,,,,,,,,,,,,,,,,,,,,,,
2022-02-05,Barrow,home,54.5,7,2,3.0,2.0,3,13,3,11.0,19.0,,,,,,,,,,,,,,,,,,,,,,,,,,,,,,,,,,,,,,,,,,,,,,,,
2022-02-05,Tranmere Rovers,away,45.5,16,5,4.0,7.0,1,6,8,19.0,15.0,,,,,,,,,,,,,,,,,,,,,,,,,,,,,,,,,,,,,,,,,,,,,,,,
2022-02-08,Tranmere Rovers,home,36.0,13,5,5.0,3.0,0,17,3,16.0,21.0,,,,,,,,,,,,,,,,,,,,,,,,,,,,,,,,,,,,,,,,,,,,,,,,
2022-02-08,Swindon Town,away,64.0,6,0,3.0,3.0,2,11,2,10.0,26.0,,,,,,,,,,,,,,,,,,,,,,,,,,,,,,,,,,,,,,,,,,,,,,,,
2022-02-12,Walsall,home,53.0,7,2,4.0,1.0,1,14,6,19.0,29.0,,,,,,,,,,,,,,,,,,,,,,,,,,,,,,,,,,,,,,,,,,,,,,,,
2022-02-12,Tranmere Rovers,away,47.0,8,1,4.0,3.0,1,16,6,13.0,26.0,,,,,,,,,,,,,,,,,,,,,,,,,,,,,,,,,,,,,,,,,,,,,,,,
2022-02-15,Hartlepool United,home,52.8,7,2,4.0,1.0,3,8,3,17.0,31.0,,,,,,,,,,,,,,,,,,,,,,,,,,,,,,,,,,,,,,,,,,,,,,,,
2022-02-15,Tranmere Rovers,away,47.2,14,3,6.0,5.0,2,18,3,17.0,19.0,,,,,,,,,,,,,,,,,,,,,,,,,,,,,,,,,,,,,,,,,,,,,,,,
2022-02-19,Tranmere Rovers,home,43.4,17,4,6.0,7.0,0,13,3,22.0,35.0,,,,,,,,,,,,,,,,,,,,,,,,,,,,,,,,,,,,,,,,,,,,,,,,
2022-02-19,Port Vale,away,56.6,10,1,4.0,5.0,3,11,4,33.0,34.0,,,,,,,,,,,,,,,,,,,,,,,,,,,,,,,,,,,,,,,,,,,,,,,,
2022-02-26,Newport County,home,53.6,19,10,6.0,3.0,1,10,8,26.0,35.0,,,,,,,,,,,,,,,,,,,,,,,,,,,,,,,,,,,,,,,,,,,,,,,,
2022-02-26,Tranmere Rovers,away,46.4,6,2,2.0,2.0,6,15,1,14.0,23.0,,,,,,,,,,,,,,,,,,,,,,,,,,,,,,,,,,,,,,,,,,,,,,,,
2022-03-05,Northampton Town,home,49.7,9,5,4.0,0.0,2,16,4,14.0,42.0,,,,,,,,,,,,,,,,,,,,,,,,,,,,,,,,,,,,,,,,,,,,,,,,
2022-03-05,Tranmere Rovers,away,50.3,12,4,2.0,6.0,1,17,7,25.0,26.0,,,,,,,,,,,,,,,,,,,,,,,,,,,,,,,,,,,,,,,,,,,,,,,,
2022-03-11,Tranmere Rovers,home,47.8,11,3,5.0,3.0,3,7,3,16.0,33.0,,,,,,,,,,,,,,,,,,,,,,,,,,,,,,,,,,,,,,,,,,,,,,,,
2022-03-11,Mansfield Town,away,52.2,12,5,1.0,6.0,0,13,6,25.0,35.0,,,,,,,,,,,,,,,,,,,,,,,,,,,,,,,,,,,,,,,,,,,,,,,,
2022-03-15,Tranmere Rovers,home,67.5,16,7,5.0,4.0,2,14,7,27.0,26.0,,,,,,,,,,,,,,,,,,,,,,,,,,,,,,,,,,,,,,,,,,,,,,,,
2022-03-15,Harrogate Town,away,32.5,9,3,4.0,2.0,4,9,3,13.0,29.0,,,,,,,,,,,,,,,,,,,,,,,,,,,,,,,,,,,,,,,,,,,,,,,,
2022-03-19,Sutton United,home,48.0,13,5,6.0,2.0,3,9,4,24.0,47.0,,,,,,,,,,,,,,,,,,,,,,,,,,,,,,,,,,,,,,,,,,,,,,,,
2022-03-19,Tranmere Rovers,away,52.0,15,4,4.0,7.0,4,10,11,26.0,30.0,,,,,,,,,,,,,,,,,,,,,,,,,,,,,,,,,,,,,,,,,,,,,,,,
2022-04-02,Tranmere Rovers,home,43.6,9,4,3.0,2.0,2,8,3,18.0,33.0,,,,,,,,,,,,,,,,,,,,,,,,,,,,,,,,,,,,,,,,,,,,,,,,
2022-04-02,Carlisle United,away,56.4,21,4,10.0,7.0,2,11,5,31.0,37.0,,,,,,,,,,,,,,,,,,,,,,,,,,,,,,,,,,,,,,,,,,,,,,,,
2022-04-09,Tranmere Rovers,home,32.6,12,4,5.0,3.0,1,16,5,12.0,22.0,,,,,,,,,,,,,,,,,,,,,,,,,,,,,,,,,,,,,,,,,,,,,,,,
2022-04-09,Bristol Rovers,away,67.4,11,2,4.0,5.0,2,11,12,25.0,22.0,,,,,,,,,,,,,,,,,,,,,,,,,,,,,,,,,,,,,,,,,,,,,,,,
2022-04-15,Bradford City,home,39.0,15,6,8.0,1.0,1,9,4,19.0,15.0,,,,,,,,,,,,,,,,,,,,,,,,,,,,,,,,,,,,,,,,,,,,,,,,
2022-04-15,Tranmere Rovers,away,61.0,15,2,12.0,1.0,5,16,3,17.0,14.0,,,,,,,,,,,,,,,,,,,,,,,,,,,,,,,,,,,,,,,,,,,,,,,,
2022-04-18,Tranmere Rovers,home,42.9,11,4,4.0,3.0,1,13,5,17.0,39.0,,,,,,,,,,,,,,,,,,,,,,,,,,,,,,,,,,,,,,,,,,,,,,,,
2022-04-18,Exeter City,away,57.1,13,1,7.0,5.0,2,11,6,19.0,39.0,,,,,,,,,,,,,,,,,,,,,,,,,,,,,,,,,,,,,,,,,,,,,,,,
2022-04-23,Stevenage,home,40.8,15,3,2.0,10.0,2,13,6,34.0,34.0,,,,,,,,,,,,,,,,,,,,,,,,,,,,,,,,,,,,,,,,,,,,,,,,
2022-04-23,Tranmere Rovers,away,59.2,9,2,3.0,4.0,1,11,2,18.0,25.0,,,,,,,,,,,,,,,,,,,,,,,,,,,,,,,,,,,,,,,,,,,,,,,,
2022-04-30,Tranmere Rovers,home,53.4,17,6,9.0,2.0,1,15,5,23.0,25.0,,,,,,,,,,,,,,,,,,,,,,,,,,,,,,,,,,,,,,,,,,,,,,,,
2022-04-30,Oldham Athletic,away,46.6,9,1,7.0,1.0,3,9,4,12.0,15.0,,,,,,,,,,,,,,,,,,,,,,,,,,,,,,,,,,,,,,,,,,,,,,,,
2022-05-07,Leyton Orient,home,63.6,11,2,4.0,5.0,0,9,10,19.0,18.0,,,,,,,,,,,,,,,,,,,,,,,,,,,,,,,,,,,,,,,,,,,,,,,,
2022-05-07,Tranmere Rovers,away,36.4,9,1,6.0,2.0,2,13,3,13.0,22.0,,,,,,,,,,,,,,,,,,,,,,,,,,,,,,,,,,,,,,,,,,,,,,,,
2022-07-30,Tranmere Rovers,home,57.6,10,5,4.0,1.0,7,15,5,14.0,29.0,,,,,,,,,,,,,,,,,,,,,,,,,,,,,,,,,,,,,,,,,,,,,,,,
2022-07-30,Stevenage,away,42.4,17,11,3.0,3.0,4,9,9,30.0,39.0,,,,,,,,,,,,,,,,,,,,,,,,,,,,,,,,,,,,,,,,,,,,,,,,
2022-08-06,Mansfield Town,home,56.2,17,9,7.0,1.0,3,15,12,30.0,24.0,,,,,,,,,,,,,,,,,,,,,,,,,,,,,,,,,,,,,,,,,,,,,,,,
2022-08-06,Tranmere Rovers,away,43.8,6,3,2.0,1.0,7,10,4,10.0,18.0,,,,,,,,,,,,,,,,,,,,,,,,,,,,,,,,,,,,,,,,,,,,,,,,
2022-08-09,Accrington Stanley,home,52.8,18,2,9.0,7.0,2,11,3,22.0,25.0,,,,,,,,,,,,,,,,,,,,,,,,,,,,,,,,,,,,,,,,,,,,,,,,
2022-08-09,Tranmere Rovers,away,47.2,7,3,3.0,1.0,0,14,3,13.0,32.0,,,,,,,,,,,,,,,,,,,,,,,,,,,,,,,,,,,,,,,,,,,,,,,,
2022-08-13,Tranmere Rovers,home,52.8,9,4,4.0,1.0,0,10,2,12.0,32.0,,,,,,,,,,,,,,,,,,,,,,,,,,,,,,,,,,,,,,,,,,,,,,,,
2022-08-13,Gillingham,away,47.2,9,0,6.0,3.0,1,7,2,17.0,38.0,,,,,,,,,,,,,,,,,,,,,,,,,,,,,,,,,,,,,,,,,,,,,,,,
2022-08-16,Hartlepool United,home,47.7,6,1,3.0,2.0,5,8,7,9.0,22.0,,,,,,,,,,,,,,,,,,,,,,,,,,,,,,,,,,,,,,,,,,,,,,,,
2022-08-16,Tranmere Rovers,away,52.3,13,5,6.0,2.0,1,12,9,20.0,28.0,,,,,,,,,,,,,,,,,,,,,,,,,,,,,,,,,,,,,,,,,,,,,,,,
2022-08-20,Newport County,home,39.4,13,5,4.0,4.0,1,11,4,24.0,35.0,,,,,,,,,,,,,,,,,,,,,,,,,,,,,,,,,,,,,,,,,,,,,,,,
2022-08-20,Tranmere Rovers,away,60.6,5,1,4.0,0.0,3,9,3,14.0,26.0,,,,,,,,,,,,,,,,,,,,,,,,,,,,,,,,,,,,,,,,,,,,,,,,
2022-08-24,Tranmere Rovers,home,28.9,5,3,2.0,0.0,3,9,4,10.0,21.0,,,,,,,,,,,,,,,,,,,,,,,,,,,,,,,,,,,,,,,,,,,,,,,,
2022-08-24,Newcastle United,away,71.1,16,5,6.0,5.0,2,4,9,22.0,20.0,,,,,,,,,,,,,,,,,,,,,,,,,,,,,,,,,,,,,,,,,,,,,,,,
2022-08-27,Tranmere Rovers,home,46.4,9,4,2.0,3.0,0,9,4,16.0,25.0,,,,,,,,,,,,,,,,,,,,,,,,,,,,,,,,,,,,,,,,,,,,,,,,
2022-08-27,Colchester United,away,53.6,3,1,1.0,1.0,2,6,1,17.0,23.0,,,,,,,,,,,,,,,,,,,,,,,,,,,,,,,,,,,,,,,,,,,,,,,,
2022-09-03,Leyton Orient,home,59.4,9,2,4.0,3.0,3,8,7,19.0,29.0,,,,,,,,,,,,,,,,,,,,,,,,,,,,,,,,,,,,,,,,,,,,,,,,
2022-09-03,Tranmere Rovers,away,40.6,10,3,6.0,1.0,1,10,2,17.0,32.0,,,,,,,,,,,,,,,,,,,,,,,,,,,,,,,,,,,,,,,,,,,,,,,,
2022-09-13,Tranmere Rovers,home,50.2,9,2,6.0,1.0,6,14,6,13.0,19.0,,,,,,,,,,,,,,,,,,,,,,,,,,,,,,,,,,,,,,,,,,,,,,,,
2022-09-13,Bradford City,away,49.8,13,8,3.0,2.0,1,10,7,17.0,33.0,,,,,,,,,,,,,,,,,,,,,,,,,,,,,,,,,,,,,,,,,,,,,,,,
2022-09-17,Salford City,home,75.4,11,0,7.0,4.0,3,9,4,18.0,16.0,,,,,,,,,,,,,,,,,,,,,,,,,,,,,,,,,,,,,,,,,,,,,,,,
2022-09-17,Tranmere Rovers,away,24.6,13,4,8.0,1.0,0,23,5,12.0,8.0,,,,,,,,,,,,,,,,,,,,,,,,,,,,,,,,,,,,,,,,,,,,,,,,
2022-09-20,Tranmere Rovers,home,43.9,11,4,5.0,2.0,2,13,7,20.0,17.0,,,,,,,,,,,,,,,,,,,,,,,,,,,,,,,,,,,,,,,,,,,,,,,,
2022-09-20,Bolton Wanderers,away,56.1,8,5,1.0,2.0,2,7,2,15.0,13.0,,,,,,,,,,,,,,,,,,,,,,,,,,,,,,,,,,,,,,,,,,,,,,,,
2022-09-24,Walsall,home,43.3,11,3,7.0,1.0,6,8,4,17.0,36.0,,,,,,,,,,,,,,,,,,,,,,,,,,,,,,,,,,,,,,,,,,,,,,,,
2022-09-24,Tranmere Rovers,away,56.7,7,6,1.0,0.0,3,14,3,11.0,25.0,,,,,,,,,,,,,,,,,,,,,,,,,,,,,,,,,,,,,,,,,,,,,,,,
2022-10-01,Tranmere Rovers,home,50.3,12,7,4.0,1.0,1,9,7,25.0,30.0,,,,,,,,,,,,,,,,,,,,,,,,,,,,,,,,,,,,,,,,,,,,,,,,
2022-10-01,Barrow,away,49.7,6,1,3.0,2.0,5,9,2,11.0,41.0,,,,,,,,,,,,,,,,,,,,,,,,,,,,,,,,,,,,,,,,,,,,,,,,
2022-10-04,Tranmere Rovers,home,50.2,10,6,3.0,1.0,2,19,4,13.0,12.0,,,,,,,,,,,,,,,,,,,,,,,,,,,,,,,,,,,,,,,,,,,,,,,,
2022-10-04,Leeds United U21,away,49.8,15,7,1.0,7.0,3,12,10,21.0,13.0,,,,,,,,,,,,,,,,,,,,,,,,,,,,,,,,,,,,,,,,,,,,,,,,
2022-10-08,Sutton United,home,56.0,5,1,3.0,1.0,1,6,2,25.0,43.0,,,,,,,,,,,,,,,,,,,,,,,,,,,,,,,,,,,,,,,,,,,,,,,,
2022-10-08,Tranmere Rovers,away,44.0,12,3,3.0,6.0,1,12,3,17.0,24.0,,,,,,,,,,,,,,,,,,,,,,,,,,,,,,,,,,,,,,,,,,,,,,,,
2022-10-14,Tranmere Rovers,home,49.0,17,7,7.0,3.0,0,7,6,23.0,38.0,,,,,,,,,,,,,,,,,,,,,,,,,,,,,,,,,,,,,,,,,,,,,,,,
2022-10-14,Crewe Alexandra,away,51.0,6,0,4.0,2.0,4,5,6,11.0,20.0,,,,,,,,,,,,,,,,,,,,,,,,,,,,,,,,,,,,,,,,,,,,,,,,
2022-10-18,Crewe Alexandra,home,55.9,15,4,6.0,5.0,4,8,4,22.0,14.0,,,,,,,,,,,,,,,,,,,,,,,,,,,,,,,,,,,,,,,,,,,,,,,,
2022-10-18,Tranmere Rovers,away,44.1,9,5,3.0,1.0,4,12,6,7.0,9.0,,,,,,,,,,,,,,,,,,,,,,,,,,,,,,,,,,,,,,,,,,,,,,,,
2022-10-22,Harrogate Town,home,52.2,11,1,5.0,5.0,4,14,6,27.0,45.0,,,,,,,,,,,,,,,,,,,,,,,,,,,,,,,,,,,,,,,,,,,,,,,,
2022-10-22,Tranmere Rovers,away,47.8,14,5,5.0,4.0,0,9,9,20.0,33.0,,,,,,,,,,,,,,,,,,,,,,,,,,,,,,,,,,,,,,,,,,,,,,,,
2022-10-25,Tranmere Rovers,home,56.8,15,5,6.0,4.0,2,10,6,39.0,40.0,,,,,,,,,,,,,,,,,,,,,,,,,,,,,,,,,,,,,,,,,,,,,,,,
2022-10-25,Rochdale,away,43.2,6,3,2.0,1.0,4,6,0,10.0,32.0,,,,,,,,,,,,,,,,,,,,,,,,,,,,,,,,,,,,,,,,,,,,,,,,
2022-10-29,Tranmere Rovers,home,61.9,9,3,3.0,3.0,1,10,7,15.0,39.0,,,,,,,,,,,,,,,,,,,,,,,,,,,,,,,,,,,,,,,,,,,,,,,,
2022-10-29,Carlisle United,away,38.1,7,3,2.0,2.0,2,9,0,14.0,49.0,,,,,,,,,,,,,,,,,,,,,,,,,,,,,,,,,,,,,,,,,,,,,,,,
2022-11-01,Tranmere Rovers,home,44.7,5,1,3.0,1.0,2,12,2,6.0,30.0,,,,,,,,,,,,,,,,,,,,,,,,,,,,,,,,,,,,,,,,,,,,,,,,
2022-11-01,Stockport County,away,55.3,15,2,7.0,6.0,1,5,8,30.0,45.0,,,,,,,,,,,,,,,,,,,,,,,,,,,,,,,,,,,,,,,,,,,,,,,,
2022-11-05,Carlisle United,home,49.0,12,4,3.0,5.0,1,10,6,,,,,,,,,,,,,,,,,,,,,,,,,,,,,,,,,,,,,,,,,,,,,,,,,,
2022-11-05,Tranmere Rovers,away,51.0,5,3,0.0,2.0,2,9,6,,,,,,,,,,,,,,,,,,,,,,,,,,,,,,,,,,,,,,,,,,,,,,,,,,
2022-11-12,Swindon Town,home,61.9,9,3,3.0,3.0,2,8,4,13.0,16.0,,,,,,,,,,,,,,,,,,,,,,,,,,,,,,,,,,,,,,,,,,,,,,,,
2022-11-12,Tranmere Rovers,away,38.1,8,3,2.0,3.0,2,12,0,18.0,20.0,,,,,,,,,,,,,,,,,,,,,,,,,,,,,,,,,,,,,,,,,,,,,,,,
2022-11-19,Tranmere Rovers,home,56.1,12,3,4.0,5.0,3,11,7,24.0,32.0,,,,,,,,,,,,,,,,,,,,,,,,,,,,,,,,,,,,,,,,,,,,,,,,
2022-11-19,AFC Wimbledon,away,43.9,8,5,0.0,3.0,3,10,4,15.0,34.0,,,,,,,,,,,,,,,,,,,,,,,,,,,,,,,,,,,,,,,,,,,,,,,,
2022-11-22,Burton Albion,home,54.4,10,2,3.0,5.0,4,15,3,14.0,35.0,,,,,,,,,,,,,,,,,,,,,,,,,,,,,,,,,,,,,,,,,,,,,,,,
2022-11-22,Tranmere Rovers,away,45.6,12,5,3.0,4.0,1,10,6,17.0,26.0,,,,,,,,,,,,,,,,,,,,,,,,,,,,,,,,,,,,,,,,,,,,,,,,
2022-12-03,Northampton Town,home,61.8,14,3,5.0,6.0,5,4,7,19.0,33.0,,,,,,,,,,,,,,,,,,,,,,,,,,,,,,,,,,,,,,,,,,,,,,,,
2022-12-03,Tranmere Rovers,away,38.2,14,5,7.0,2.0,3,12,4,12.0,24.0,,,,,,,,,,,,,,,,,,,,,,,,,,,,,,,,,,,,,,,,,,,,,,,,
2022-12-10,Grimsby Town,home,51.6,15,5,6.0,4.0,1,11,9,34.0,33.0,,,,,,,,,,,,,,,,,,,,,,,,,,,,,,,,,,,,,,,,,,,,,,,,
2022-12-10,Tranmere Rovers,away,48.4,8,2,4.0,2.0,3,12,3,13.0,29.0,,,,,,,,,,,,,,,,,,,,,,,,,,,,,,,,,,,,,,,,,,,,,,,,
2022-12-26,Tranmere Rovers,home,45.4,11,5,6.0,0.0,1,6,2,18.0,24.0,,,,,,,,,,,,,,,,,,,,,,,,,,,,,,,,,,,,,,,,,,,,,,,,
2022-12-26,Doncaster Rovers,away,54.6,9,2,2.0,5.0,2,8,5,23.0,19.0,,,,,,,,,,,,,,,,,,,,,,,,,,,,,,,,,,,,,,,,,,,,,,,,
2022-12-29,Barrow,home,54.3,17,4,4.0,9.0,4,12,5,20.0,24.0,,,,,,,,,,,,,,,,,,,,,,,,,,,,,,,,,,,,,,,,,,,,,,,,
2022-12-29,Tranmere Rovers,away,45.7,11,7,3.0,1.0,3,13,4,15.0,25.0,,,,,,,,,,,,,,,,,,,,,,,,,,,,,,,,,,,,,,,,,,,,,,,,
2023-01-01,Crewe Alexandra,home,36.0,11,3,4.0,4.0,2,7,5,10.0,28.0,,,,,,,,,,,,,,,,,,,,,,,,,,,,,,,,,,,,,,,,,,,,,,,,
2023-01-01,Tranmere Rovers,away,64.0,23,4,10.0,9.0,2,7,13,46.0,31.0,,,,,,,,,,,,,,,,,,,,,,,,,,,,,,,,,,,,,,,,,,,,,,,,
2023-01-07,Tranmere Rovers,home,54.9,7,3,2.0,2.0,0,13,6,21.0,37.0,,,,,,,,,,,,,,,,,,,,,,,,,,,,,,,,,,,,,,,,,,,,,,,,
2023-01-07,Sutton United,away,45.1,6,3,0.0,3.0,1,11,2,22.0,50.0,,,,,,,,,,,,,,,,,,,,,,,,,,,,,,,,,,,,,,,,,,,,,,,,
2023-01-14,Tranmere Rovers,home,59.8,13,4,7.0,2.0,0,13,6,20.0,18.0,,,,,,,,,,,,,,,,,,,,,,,,,,,,,,,,,,,,,,,,,,,,,,,,
2023-01-14,Walsall,away,40.2,5,1,3.0,1.0,3,11,3,9.0,10.0,,,,,,,,,,,,,,,,,,,,,,,,,,,,,,,,,,,,,,,,,,,,,,,,
2023-01-28,Tranmere Rovers,home,46.8,9,1,6.0,2.0,0,6,6,19.0,19.0,,,,,,,,,,,,,,,,,,,,,,,,,,,,,,,,,,,,,,,,,,,,,,,,
2023-01-28,Leyton Orient,away,53.2,11,0,7.0,4.0,1,10,1,16.0,36.0,,,,,,,,,,,,,,,,,,,,,,,,,,,,,,,,,,,,,,,,,,,,,,,,
2023-02-04,Stockport County,home,53.0,14,6,3.0,5.0,3,11,3,19.0,34.0,,,,,,,,,,,,,,,,,,,,,,,,,,,,,,,,,,,,,,,,,,,,,,,,
2023-02-04,Tranmere Rovers,away,47.0,11,5,5.0,1.0,3,11,8,18.0,17.0,,,,,,,,,,,,,,,,,,,,,,,,,,,,,,,,,,,,,,,,,,,,,,,,
2023-02-07,Doncaster Rovers,home,39.0,6,2,2.0,2.0,6,6,0,10.0,30.0,,,,,,,,,,,,,,,,,,,,,,,,,,,,,,,,,,,,,,,,,,,,,,,,
2023-02-07,Tranmere Rovers,away,61.0,18,6,7.0,5.0,0,11,9,19.0,27.0,,,,,,,,,,,,,,,,,,,,,,,,,,,,,,,,,,,,,,,,,,,,,,,,
2023-02-11,Tranmere Rovers,home,43.9,12,6,5.0,1.0,0,9,7,19.0,14.0,,,,,,,,,,,,,,,,,,,,,,,,,,,,,,,,,,,,,,,,,,,,,,,,
2023-02-11,Salford City,away,56.1,11,2,6.0,3.0,5,9,5,13.0,22.0,,,,,,,,,,,,,,,,,,,,,,,,,,,,,,,,,,,,,,,,,,,,,,,,
2023-02-14,Bradford City,home,61.8,10,4,3.0,3.0,0,10,6,18.0,26.0,,,,,,,,,,,,,,,,,,,,,,,,,,,,,,,,,,,,,,,,,,,,,,,,
2023-02-14,Tranmere Rovers,away,38.2,11,0,6.0,5.0,2,9,0,8.0,19.0,,,,,,,,,,,,,,,,,,,,,,,,,,,,,,,,,,,,,,,,,,,,,,,,
2023-02-18,Tranmere Rovers,home,56.1,11,0,7.0,4.0,5,9,4,13.0,22.0,,,,,,,,,,,,,,,,,,,,,,,,,,,,,,,,,,,,,,,,,,,,,,,,
2023-02-18,Mansfield Town,away,43.9,12,7,5.0,0.0,0,8,5,24.0,29.0,,,,,,,,,,,,,,,,,,,,,,,,,,,,,,,,,,,,,,,,,,,,,,,,
2023-02-25,Stevenage,home,53.2,13,5,5.0,3.0,3,13,5,36.0,48.0,,,,,,,,,,,,,,,,,,,,,,,,,,,,,,,,,,,,,,,,,,,,,,,,
2023-02-25,Tranmere Rovers,away,46.8,7,4,3.0,0.0,5,18,3,12.0,28.0,,,,,,,,,,,,,,,,,,,,,,,,,,,,,,,,,,,,,,,,,,,,,,,,
2023-02-28,Tranmere Rovers,home,48.6,9,4,5.0,0.0,4,16,7,16.0,28.0,,,,,,,,,,,,,,,,,,,,,,,,,,,,,,,,,,,,,,,,,,,,,,,,
2023-02-28,Crawley Town,away,51.4,13,4,8.0,1.0,3,14,8,20.0,30.0,,,,,,,,,,,,,,,,,,,,,,,,,,,,,,,,,,,,,,,,,,,,,,,,
2023-03-04,Tranmere Rovers,home,52.7,15,5,7.0,3.0,4,12,7,30.0,32.0,,,,,,,,,,,,,,,,,,,,,,,,,,,,,,,,,,,,,,,,,,,,,,,,
2023-03-04,Hartlepool United,away,47.3,12,5,7.0,0.0,4,16,6,14.0,37.0,,,,,,,,,,,,,,,,,,,,,,,,,,,,,,,,,,,,,,,,,,,,,,,,
2023-03-11,Gillingham,home,53.5,15,7,6.0,2.0,2,9,8,35.0,48.0,,,,,,,,,,,,,,,,,,,,,,,,,,,,,,,,,,,,,,,,,,,,,,,,
2023-03-11,Tranmere Rovers,away,46.5,7,2,4.0,1.0,5,13,3,9.0,38.0,,,,,,,,,,,,,,,,,,,,,,,,,,,,,,,,,,,,,,,,,,,,,,,,
2023-03-18,Tranmere Rovers,home,64.4,16,5,6.0,5.0,1,7,10,27.0,36.0,,,,,,,,,,,,,,,,,,,,,,,,,,,,,,,,,,,,,,,,,,,,,,,,
2023-03-18,Newport County,away,35.6,13,4,6.0,3.0,4,11,1,26.0,37.0,,,,,,,,,,,,,,,,,,,,,,,,,,,,,,,,,,,,,,,,,,,,,,,,
2023-03-25,Colchester United,home,41.5,15,5,5.0,5.0,4,14,7,33.0,24.0,,,,,,,,,,,,,,,,,,,,,,,,,,,,,,,,,,,,,,,,,,,,,,,,
2023-03-25,Tranmere Rovers,away,58.5,13,5,6.0,2.0,4,15,3,11.0,18.0,,,,,,,,,,,,,,,,,,,,,,,,,,,,,,,,,,,,,,,,,,,,,,,,
2023-03-31,Tranmere Rovers,home,60.9,12,1,6.0,5.0,8,10,3,17.0,24.0,,,,,,,,,,,,,,,,,,,,,,,,,,,,,,,,,,,,,,,,,,,,,,,,
2023-03-31,Harrogate Town,away,39.1,16,9,3.0,4.0,1,10,4,11.0,20.0,,,,,,,,,,,,,,,,,,,,,,,,,,,,,,,,,,,,,,,,,,,,,,,,
2023-04-07,Carlisle United,home,36.9,15,9,5.0,1.0,1,15,7,25.0,25.0,,,,,,,,,,,,,,,,,,,,,,,,,,,,,,,,,,,,,,,,,,,,,,,,
2023-04-07,Tranmere Rovers,away,63.1,8,1,4.0,3.0,6,10,4,14.0,22.0,,,,,,,,,,,,,,,,,,,,,,,,,,,,,,,,,,,,,,,,,,,,,,,,
2023-04-10,Tranmere Rovers,home,33.9,7,2,3.0,2.0,2,14,3,12.0,22.0,,,,,,,,,,,,,,,,,,,,,,,,,,,,,,,,,,,,,,,,,,,,,,,,
2023-04-10,Swindon Town,away,66.1,11,2,6.0,3.0,1,12,7,17.0,16.0,,,,,,,,,,,,,,,,,,,,,,,,,,,,,,,,,,,,,,,,,,,,,,,,
2023-04-15,Crawley Town,home,47.0,22,7,6.0,9.0,4,13,8,32.0,23.0,,,,,,,,,,,,,,,,,,,,,,,,,,,,,,,,,,,,,,,,,,,,,,,,
2023-04-15,Tranmere Rovers,away,53.0,13,5,5.0,3.0,5,9,4,19.0,10.0,,,,,,,,,,,,,,,,,,,,,,,,,,,,,,,,,,,,,,,,,,,,,,,,
2023-04-18,Rochdale,home,51.3,14,4,7.0,3.0,4,8,6,13.0,13.0,,,,,,,,,,,,,,,,,,,,,,,,,,,,,,,,,,,,,,,,,,,,,,,,
2023-04-18,Tranmere Rovers,away,48.7,10,5,4.0,1.0,2,11,5,13.0,13.0,,,,,,,,,,,,,,,,,,,,,,,,,,,,,,,,,,,,,,,,,,,,,,,,
2023-04-22,Tranmere Rovers,home,49.3,6,5,0.0,1.0,5,7,5,17.0,23.0,,,,,,,,,,,,,,,,,,,,,,,,,,,,,,,,,,,,,,,,,,,,,,,,
2023-04-22,Grimsby Town,away,50.7,17,5,6.0,6.0,3,15,8,34.0,23.0,,,,,,,,,,,,,,,,,,,,,,,,,,,,,,,,,,,,,,,,,,,,,,,,
2023-04-29,AFC Wimbledon,home,47.0,10,2,5.0,3.0,2,11,4,21.0,29.0,,,,,,,,,,,,,,,,,,,,,,,,,,,,,,,,,,,,,,,,,,,,,,,,
2023-04-29,Tranmere Rovers,away,53.0,6,3,2.0,1.0,1,11,4,9.0,26.0,,,,,,,,,,,,,,,,,,,,,,,,,,,,,,,,,,,,,,,,,,,,,,,,
2023-05-08,Tranmere Rovers,home,61.2,10,0,5.0,5.0,0,8,9,16.0,17.0,,,,,,,,,,,,,,,,,,,,,,,,,,,,,,,,,,,,,,,,,,,,,,,,
2023-05-08,Northampton Town,away,38.8,12,1,5.0,6.0,0,5,8,18.0,29.0,,,,,,,,,,,,,,,,,,,,,,,,,,,,,,,,,,,,,,,,,,,,,,,,
2023-08-05,Tranmere Rovers,home,64.4,16,3,8.0,5.0,1,9,8,29.0,30.0,,,,,,,,,,,,,,,,,,,,,,,,,,,,,,,,,,,,,,,,,,,,,,,,
2023-08-05,Barrow,away,35.6,8,3,2.0,3.0,2,8,4,18.0,25.0,,,,,,,,,,,,,,,,,,,,,,,,,,,,,,,,,,,,,,,,,,,,,,,,
2023-08-08,Barnsley,home,65.6,15,6,5.0,4.0,1,7,9,31.0,27.0,,,,,,,,,,,,,,,,,,,,,,,,,,,,,,,,,,,,,,,,,,,,,,,,
2023-08-08,Tranmere Rovers,away,34.4,14,3,5.0,6.0,4,12,7,22.0,23.0,,,,,,,,,,,,,,,,,,,,,,,,,,,,,,,,,,,,,,,,,,,,,,,,
2023-08-12,Milton Keynes Dons,home,50.7,8,2,4.0,2.0,3,8,3,15.0,26.0,,,,,,,,,,,,,,,,,,,,,,,,,,,,,,,,,,,,,,,,,,,,,,,,
2023-08-12,Tranmere Rovers,away,49.3,16,3,9.0,4.0,1,12,11,29.0,32.0,,,,,,,,,,,,,,,,,,,,,,,,,,,,,,,,,,,,,,,,,,,,,,,,
2023-08-15,Tranmere Rovers,home,47.2,11,5,3.0,3.0,2,10,6,16.0,28.0,,,,,,,,,,,,,,,,,,,,,,,,,,,,,,,,,,,,,,,,,,,,,,,,
2023-08-15,Harrogate Town,away,52.8,12,2,6.0,4.0,2,17,3,15.0,32.0,,,,,,,,,,,,,,,,,,,,,,,,,,,,,,,,,,,,,,,,,,,,,,,,
2023-08-19,Tranmere Rovers,home,39.7,14,6,2.0,6.0,2,14,4,28.0,24.0,,,,,,,,,,,,,,,,,,,,,,,,,,,,,,,,,,,,,,,,,,,,,,,,
2023-08-19,Salford City,away,60.3,17,6,6.0,5.0,3,10,5,30.0,21.0,,,,,,,,,,,,,,,,,,,,,,,,,,,,,,,,,,,,,,,,,,,,,,,,
2023-08-26,Notts County,home,59.7,17,6,6.0,5.0,3,6,11,31.0,8.0,,,,,,,,,,,,,,,,,,,,,,,,,,,,,,,,,,,,,,,,,,,,,,,,
2023-08-26,Tranmere Rovers,away,40.3,12,4,3.0,5.0,4,8,3,23.0,7.0,,,,,,,,,,,,,,,,,,,,,,,,,,,,,,,,,,,,,,,,,,,,,,,,
2023-08-29,Tranmere Rovers,home,31.4,9,3,1.0,5.0,1,13,2,14.0,10.0,,,,,,,,,,,,,,,,,,,,,,,,,,,,,,,,,,,,,,,,,,,,,,,,
2023-08-29,Leicester City,away,68.6,10,3,5.0,2.0,3,10,8,26.0,8.0,,,,,,,,,,,,,,,,,,,,,,,,,,,,,,,,,,,,,,,,,,,,,,,,
2023-09-02,Tranmere Rovers,home,53.2,11,2,7.0,2.0,5,7,7,16.0,31.0,,,,,,,,,,,,,,,,,,,,,,,,,,,,,,,,,,,,,,,,,,,,,,,,
2023-09-02,Wrexham,away,46.8,23,5,10.0,8.0,2,11,17,48.0,29.0,,,,,,,,,,,,,,,,,,,,,,,,,,,,,,,,,,,,,,,,,,,,,,,,
2023-09-05,Fleetwood Town,home,54.8,20,8,8.0,4.0,4,14,9,41.0,21.0,,,,,,,,,,,,,,,,,,,,,,,,,,,,,,,,,,,,,,,,,,,,,,,,
2023-09-05,Tranmere Rovers,away,45.2,10,4,2.0,4.0,6,6,2,13.0,14.0,,,,,,,,,,,,,,,,,,,,,,,,,,,,,,,,,,,,,,,,,,,,,,,,
2023-09-09,Colchester United,home,50.2,30,12,9.0,9.0,2,10,11,55.0,21.0,,,,,,,,,,,,,,,,,,,,,,,,,,,,,,,,,,,,,,,,,,,,,,,,
2023-09-09,Tranmere Rovers,away,49.8,8,2,5.0,1.0,9,8,5,19.0,25.0,,,,,,,,,,,,,,,,,,,,,,,,,,,,,,,,,,,,,,,,,,,,,,,,
2023-09-16,Crawley Town,home,74.2,16,7,2.0,7.0,2,7,9,40.0,19.0,,,,,,,,,,,,,,,,,,,,,,,,,,,,,,,,,,,,,,,,,,,,,,,,
2023-09-16,Tranmere Rovers,away,25.8,8,4,4.0,0.0,5,9,0,12.0,11.0,,,,,,,,,,,,,,,,,,,,,,,,,,,,,,,,,,,,,,,,,,,,,,,,
2023-09-23,Tranmere Rovers,home,53.6,18,7,5.0,6.0,3,11,8,22.0,22.0,,,,,,,,,,,,,,,,,,,,,,,,,,,,,,,,,,,,,,,,,,,,,,,,
2023-09-23,Accrington Stanley,away,46.4,9,3,3.0,3.0,5,16,6,16.0,22.0,,,,,,,,,,,,,,,,,,,,,,,,,,,,,,,,,,,,,,,,,,,,,,,,
2023-09-30,AFC Wimbledon,home,53.3,18,8,6.0,4.0,1,9,4,36.0,31.0,,,,,,,,,,,,,,,,,,,,,,,,,,,,,,,,,,,,,,,,,,,,,,,,
2023-09-30,Tranmere Rovers,away,46.7,8,2,4.0,2.0,4,10,4,14.0,20.0,,,,,,,,,,,,,,,,,,,,,,,,,,,,,,,,,,,,,,,,,,,,,,,,
2023-10-03,Tranmere Rovers,home,43.4,9,5,1.0,3.0,4,6,5,20.0,37.0,,,,,,,,,,,,,,,,,,,,,,,,,,,,,,,,,,,,,,,,,,,,,,,,
2023-10-03,Bradford City,away,56.6,10,5,5.0,0.0,3,15,6,17.0,37.0,,,,,,,,,,,,,,,,,,,,,,,,,,,,,,,,,,,,,,,,,,,,,,,,
2023-10-07,Tranmere Rovers,home,56.4,9,3,4.0,2.0,3,10,1,15.0,22.0,,,,,,,,,,,,,,,,,,,,,,,,,,,,,,,,,,,,,,,,,,,,,,,,
2023-10-07,Grimsby Town,away,43.6,13,5,2.0,6.0,1,9,5,23.0,37.0,,,,,,,,,,,,,,,,,,,,,,,,,,,,,,,,,,,,,,,,,,,,,,,,
2023-10-10,Tranmere Rovers,home,73.4,20,8,8.0,4.0,1,5,9,33.0,19.0,,,,,,,,,,,,,,,,,,,,,,,,,,,,,,,,,,,,,,,,,,,,,,,,
2023-10-10,Leicester City U21,away,26.6,2,2,0.0,0.0,8,12,1,10.0,13.0,,,,,,,,,,,,,,,,,,,,,,,,,,,,,,,,,,,,,,,,,,,,,,,,
2023-10-14,Crewe Alexandra,home,56.0,16,4,7.0,5.0,2,7,10,31.0,27.0,,,,,,,,,,,,,,,,,,,,,,,,,,,,,,,,,,,,,,,,,,,,,,,,
2023-10-14,Tranmere Rovers,away,44.0,13,3,7.0,3.0,2,10,4,17.0,21.0,,,,,,,,,,,,,,,,,,,,,,,,,,,,,,,,,,,,,,,,,,,,,,,,
2023-10-20,Tranmere Rovers,home,55.6,12,3,5.0,4.0,3,9,5,18.0,25.0,,,,,,,,,,,,,,,,,,,,,,,,,,,,,,,,,,,,,,,,,,,,,,,,
2023-10-20,Doncaster Rovers,away,44.4,11,5,2.0,4.0,2,6,3,10.0,33.0,,,,,,,,,,,,,,,,,,,,,,,,,,,,,,,,,,,,,,,,,,,,,,,,
2023-10-24,Morecambe,home,49.2,15,5,5.0,5.0,5,9,10,29.0,37.0,,,,,,,,,,,,,,,,,,,,,,,,,,,,,,,,,,,,,,,,,,,,,,,,
2023-10-24,Tranmere Rovers,away,50.8,13,5,4.0,4.0,5,9,5,23.0,41.0,,,,,,,,,,,,,,,,,,,,,,,,,,,,,,,,,,,,,,,,,,,,,,,,
2023-10-28,Stockport County,home,71.1,26,8,7.0,11.0,4,5,13,48.0,33.0,,,,,,,,,,,,,,,,,,,,,,,,,,,,,,,,,,,,,,,,,,,,,,,,
2023-10-28,Tranmere Rovers,away,28.9,9,4,4.0,1.0,5,7,3,11.0,23.0,,,,,,,,,,,,,,,,,,,,,,,,,,,,,,,,,,,,,,,,,,,,,,,,
2023-11-04,Stevenage,home,60.0,8,6,2.0,0.0,0,14,8,,,,,,,,,,,,,,,,,,,,,,,,,,,,,,,,,,,,,,,,,,,,,,,,,,
2023-11-04,Tranmere Rovers,away,40.0,8,3,1.0,4.0,2,14,3,,,,,,,,,,,,,,,,,,,,,,,,,,,,,,,,,,,,,,,,,,,,,,,,,,
2023-11-11,Tranmere Rovers,home,44.3,16,7,5.0,4.0,6,8,12,37.0,19.0,,,,,,,,,,,,,,,,,,,,,,,,,,,,,,,,,,,,,,,,,,,,,,,,
2023-11-11,Forest Green Rovers,away,55.7,15,7,4.0,4.0,5,11,11,22.0,17.0,,,,,,,,,,,,,,,,,,,,,,,,,,,,,,,,,,,,,,,,,,,,,,,,
2023-11-14,Tranmere Rovers,home,37.8,7,1,3.0,3.0,0,8,5,11.0,8.0,,,,,,,,,,,,,,,,,,,,,,,,,,,,,,,,,,,,,,,,,,,,,,,,
2023-11-14,Wigan Athletic,away,62.2,22,0,15.0,7.0,1,9,4,24.0,17.0,,,,,,,,,,,,,,,,,,,,,,,,,,,,,,,,,,,,,,,,,,,,,,,,
2023-11-18,Sutton United,home,50.0,13,2,6.0,5.0,3,9,4,24.0,43.0,,,,,,,,,,,,,,,,,,,,,,,,,,,,,,,,,,,,,,,,,,,,,,,,
2023-11-18,Tranmere Rovers,away,50.0,10,3,3.0,4.0,1,8,2,11.0,34.0,,,,,,,,,,,,,,,,,,,,,,,,,,,,,,,,,,,,,,,,,,,,,,,,
2023-11-25,Tranmere Rovers,home,33.6,8,3,3.0,2.0,4,8,0,28.0,29.0,,,,,,,,,,,,,,,,,,,,,,,,,,,,,,,,,,,,,,,,,,,,,,,,
2023-11-25,Gillingham,away,66.4,11,5,3.0,3.0,0,7,10,22.0,20.0,,,,,,,,,,,,,,,,,,,,,,,,,,,,,,,,,,,,,,,,,,,,,,,,
2023-11-28,Mansfield Town,home,74.5,21,5,10.0,6.0,5,9,5,33.0,29.0,,,,,,,,,,,,,,,,,,,,,,,,,,,,,,,,,,,,,,,,,,,,,,,,
2023-11-28,Tranmere Rovers,away,25.5,15,7,3.0,5.0,3,16,1,11.0,15.0,,,,,,,,,,,,,,,,,,,,,,,,,,,,,,,,,,,,,,,,,,,,,,,,
2023-12-09,Tranmere Rovers,home,59.3,14,3,6.0,5.0,2,12,8,18.0,31.0,,,,,,,,,,,,,,,,,,,,,,,,,,,,,,,,,,,,,,,,,,,,,,,,
2023-12-09,Newport County,away,40.7,10,3,4.0,3.0,1,11,2,16.0,23.0,,,,,,,,,,,,,,,,,,,,,,,,,,,,,,,,,,,,,,,,,,,,,,,,
2023-12-16,Walsall,home,52.8,13,4,4.0,5.0,6,14,4,17.0,22.0,,,,,,,,,,,,,,,,,,,,,,,,,,,,,,,,,,,,,,,,,,,,,,,,
2023-12-16,Tranmere Rovers,away,47.2,17,6,6.0,5.0,3,9,1,20.0,23.0,,,,,,,,,,,,,,,,,,,,,,,,,,,,,,,,,,,,,,,,,,,,,,,,
2023-12-23,Tranmere Rovers,home,51.9,18,8,4.0,6.0,4,11,6,24.0,20.0,,,,,,,,,,,,,,,,,,,,,,,,,,,,,,,,,,,,,,,,,,,,,,,,
2023-12-23,Swindon Town,away,48.1,8,5,2.0,1.0,6,10,3,18.0,18.0,,,,,,,,,,,,,,,,,,,,,,,,,,,,,,,,,,,,,,,,,,,,,,,,
2023-12-26,Salford City,home,51.4,10,5,3.0,2.0,4,7,4,12.0,27.0,,,,,,,,,,,,,,,,,,,,,,,,,,,,,,,,,,,,,,,,,,,,,,,,
2023-12-26,Tranmere Rovers,away,48.6,20,9,5.0,6.0,4,11,3,41.0,19.0,,,,,,,,,,,,,,,,,,,,,,,,,,,,,,,,,,,,,,,,,,,,,,,,
2023-12-29,Harrogate Town,home,59.3,13,3,6.0,4.0,2,5,7,25.0,21.0,,,,,,,,,,,,,,,,,,,,,,,,,,,,,,,,,,,,,,,,,,,,,,,,
2023-12-29,Tranmere Rovers,away,40.7,11,4,3.0,4.0,3,9,6,19.0,24.0,,,,,,,,,,,,,,,,,,,,,,,,,,,,,,,,,,,,,,,,,,,,,,,,
2024-01-01,Tranmere Rovers,home,33.0,15,7,4.0,4.0,5,10,7,33.0,15.0,,,,,,,,,,,,,,,,,,,,,,,,,,,,,,,,,,,,,,,,,,,,,,,,
2024-01-01,Notts County,away,67.0,13,7,4.0,2.0,3,5,7,19.0,6.0,,,,,,,,,,,,,,,,,,,,,,,,,,,,,,,,,,,,,,,,,,,,,,,,
2024-01-06,Barrow,home,49.9,16,2,7.0,7.0,1,10,4,30.0,36.0,,,,,,,,,,,,,,,,,,,,,,,,,,,,,,,,,,,,,,,,,,,,,,,,
2024-01-06,Tranmere Rovers,away,50.1,6,1,4.0,1.0,1,11,5,16.0,25.0,,,,,,,,,,,,,,,,,,,,,,,,,,,,,,,,,,,,,,,,,,,,,,,,
2024-01-13,Tranmere Rovers,home,35.5,5,2,2.0,1.0,4,7,2,17.0,19.0,,,,,,,,,,,,,,,,,,,,,,,,,,,,,,,,,,,,,,,,,,,,,,,,
2024-01-13,Milton Keynes Dons,away,64.5,25,6,13.0,6.0,1,9,6,37.0,12.0,,,,,,,,,,,,,,,,,,,,,,,,,,,,,,,,,,,,,,,,,,,,,,,,
2024-01-27,Grimsby Town,home,55.3,11,2,3.0,6.0,1,12,6,28.0,23.0,,,,,,,,,,,,,,,,,,,,,,,,,,,,,,,,,,,,,,,,,,,,,,,,
2024-01-27,Tranmere Rovers,away,44.7,5,2,3.0,0.0,1,10,2,14.0,28.0,,,,,,,,,,,,,,,,,,,,,,,,,,,,,,,,,,,,,,,,,,,,,,,,
2024-02-03,Tranmere Rovers,home,45.1,9,0,6.0,3.0,1,9,7,18.0,31.0,,,,,,,,,,,,,,,,,,,,,,,,,,,,,,,,,,,,,,,,,,,,,,,,
2024-02-03,Crewe Alexandra,away,54.9,11,1,3.0,7.0,0,17,6,18.0,24.0,,,,,,,,,,,,,,,,,,,,,,,,,,,,,,,,,,,,,,,,,,,,,,,,
2024-02-10,Doncaster Rovers,home,46.3,4,3,1.0,0.0,1,13,2,17.0,28.0,,,,,,,,,,,,,,,,,,,,,,,,,,,,,,,,,,,,,,,,,,,,,,,,
2024-02-10,Tranmere Rovers,away,53.7,11,2,8.0,1.0,1,7,10,30.0,25.0,,,,,,,,,,,,,,,,,,,,,,,,,,,,,,,,,,,,,,,,,,,,,,,,
2024-02-13,Tranmere Rovers,home,44.2,10,5,2.0,3.0,3,12,0,18.0,28.0,,,,,,,,,,,,,,,,,,,,,,,,,,,,,,,,,,,,,,,,,,,,,,,,
2024-02-13,Morecambe,away,55.8,17,6,5.0,6.0,3,13,10,30.0,17.0,,,,,,,,,,,,,,,,,,,,,,,,,,,,,,,,,,,,,,,,,,,,,,,,
2024-02-17,Tranmere Rovers,home,39.9,17,9,4.0,4.0,3,8,7,28.0,34.0,,,,,,,,,,,,,,,,,,,,,,,,,,,,,,,,,,,,,,,,,,,,,,,,
2024-02-17,Stockport County,away,60.1,11,3,6.0,2.0,6,9,6,24.0,31.0,,,,,,,,,,,,,,,,,,,,,,,,,,,,,,,,,,,,,,,,,,,,,,,,
2024-02-24,Forest Green Rovers,home,38.2,4,3,0.0,1.0,5,9,1,8.0,26.0,,,,,,,,,,,,,,,,,,,,,,,,,,,,,,,,,,,,,,,,,,,,,,,,
2024-02-24,Tranmere Rovers,away,61.8,21,5,8.0,8.0,2,10,9,48.0,31.0,,,,,,,,,,,,,,,,,,,,,,,,,,,,,,,,,,,,,,,,,,,,,,,,
2024-02-27,Swindon Town,home,53.8,15,7,5.0,3.0,2,12,9,28.0,16.0,,,,,,,,,,,,,,,,,,,,,,,,,,,,,,,,,,,,,,,,,,,,,,,,
2024-02-27,Tranmere Rovers,away,46.2,9,3,4.0,2.0,4,12,5,19.0,14.0,,,,,,,,,,,,,,,,,,,,,,,,,,,,,,,,,,,,,,,,,,,,,,,,
2024-03-02,Tranmere Rovers,home,48.7,24,13,5.0,6.0,5,4,9,32.0,21.0,,,,,,,,,,,,,,,,,,,,,,,,,,,,,,,,,,,,,,,,,,,,,,,,
2024-03-02,Sutton United,away,51.3,18,6,7.0,5.0,11,13,8,34.0,37.0,,,,,,,,,,,,,,,,,,,,,,,,,,,,,,,,,,,,,,,,,,,,,,,,
2024-03-09,Gillingham,home,58.4,24,5,8.0,11.0,3,12,6,53.0,21.0,,,,,,,,,,,,,,,,,,,,,,,,,,,,,,,,,,,,,,,,,,,,,,,,
2024-03-09,Tranmere Rovers,away,41.6,10,4,5.0,1.0,4,6,2,20.0,29.0,,,,,,,,,,,,,,,,,,,,,,,,,,,,,,,,,,,,,,,,,,,,,,,,
2024-03-12,Tranmere Rovers,home,48.5,16,7,6.0,3.0,3,10,6,16.0,24.0,,,,,,,,,,,,,,,,,,,,,,,,,,,,,,,,,,,,,,,,,,,,,,,,
2024-03-12,Mansfield Town,away,51.5,13,4,4.0,5.0,5,15,5,23.0,29.0,,,,,,,,,,,,,,,,,,,,,,,,,,,,,,,,,,,,,,,,,,,,,,,,
2024-03-16,Wrexham,home,55.6,25,4,10.0,11.0,1,7,9,39.0,29.0,,,,,,,,,,,,,,,,,,,,,,,,,,,,,,,,,,,,,,,,,,,,,,,,
2024-03-16,Tranmere Rovers,away,44.4,8,3,3.0,2.0,4,10,4,15.0,20.0,,,,,,,,,,,,,,,,,,,,,,,,,,,,,,,,,,,,,,,,,,,,,,,,
2024-03-23,Tranmere Rovers,home,54.2,15,5,6.0,4.0,0,8,6,32.0,6.0,,,,,,,,,,,,,,,,,,,,,,,,,,,,,,,,,,,,,,,,,,,,,,,,
2024-03-23,Crawley Town,away,45.8,11,3,5.0,3.0,3,10,3,20.0,13.0,,,,,,,,,,,,,,,,,,,,,,,,,,,,,,,,,,,,,,,,,,,,,,,,
2024-03-29,Bradford City,home,50.0,21,7,10.0,4.0,3,8,5,40.0,23.0,,,,,,,,,,,,,,,,,,,,,,,,,,,,,,,,,,,,,,,,,,,,,,,,
2024-03-29,Tranmere Rovers,away,50.0,13,3,8.0,2.0,5,15,9,30.0,32.0,,,,,,,,,,,,,,,,,,,,,,,,,,,,,,,,,,,,,,,,,,,,,,,,
2024-04-01,Tranmere Rovers,home,50.9,17,5,10.0,2.0,5,11,6,21.0,24.0,,,,,,,,,,,,,,,,,,,,,,,,,,,,,,,,,,,,,,,,,,,,,,,,
2024-04-01,Colchester United,away,49.1,13,7,4.0,2.0,3,14,4,16.0,34.0,,,,,,,,,,,,,,,,,,,,,,,,,,,,,,,,,,,,,,,,,,,,,,,,
2024-04-06,Tranmere Rovers,home,56.0,13,3,8.0,2.0,3,9,11,25.0,19.0,,,,,,,,,,,,,,,,,,,,,,,,,,,,,,,,,,,,,,,,,,,,,,,,
2024-04-06,Walsall,away,44.0,16,6,6.0,4.0,2,11,6,19.0,20.0,,,,,,,,,,,,,,,,,,,,,,,,,,,,,,,,,,,,,,,,,,,,,,,,
2024-04-13,Newport County,home,50.9,10,4,2.0,4.0,3,12,0,21.0,25.0,,,,,,,,,,,,,,,,,,,,,,,,,,,,,,,,,,,,,,,,,,,,,,,,
2024-04-13,Tranmere Rovers,away,49.1,15,5,4.0,6.0,3,14,10,40.0,13.0,,,,,,,,,,,,,,,,,,,,,,,,,,,,,,,,,,,,,,,,,,,,,,,,
2024-04-20,Tranmere Rovers,home,51.2,20,6,5.0,9.0,1,5,11,34.0,28.0,,,,,,,,,,,,,,,,,,,,,,,,,,,,,,,,,,,,,,,,,,,,,,,,
2024-04-20,AFC Wimbledon,away,48.8,14,4,6.0,4.0,3,15,3,19.0,25.0,,,,,,,,,,,,,,,,,,,,,,,,,,,,,,,,,,,,,,,,,,,,,,,,
2024-04-27,Accrington Stanley,home,49.0,21,7,9.0,5.0,1,13,9,31.0,28.0,,,,,,,,,,,,,,,,,,,,,,,,,,,,,,,,,,,,,,,,,,,,,,,,
2024-04-27,Tranmere Rovers,away,51.0,10,2,4.0,4.0,3,10,7,14.0,18.0,,,,,,,,,,,,,,,,,,,,,,,,,,,,,,,,,,,,,,,,,,,,,,,,
2024-08-10,Tranmere Rovers,home,35.8,9,2,2.0,5.0,1,13,5,18.0,17.0,,,,,,,,,,,,,,,,,,,,,,,,,,,,,,,,,,,,,,,,,,,,,,,,
2024-08-10,Notts County,away,64.2,11,1,5.0,5.0,2,6,8,18.0,17.0,,,,,,,,,,,,,,,,,,,,,,,,,,,,,,,,,,,,,,,,,,,,,,,,
2024-08-13,Tranmere Rovers,home,48.8,12,4,3.0,5.0,4,9,4,16.0,21.0,,,,,,,,,,,,,,,,,,,,,,,,,,,,,,,,,,,,,,,,,,,,,,,,
2024-08-13,Accrington Stanley,away,51.2,14,4,6.0,4.0,1,12,7,21.0,35.0,,,,,,,,,,,,,,,,,,,,,,,,,,,,,,,,,,,,,,,,,,,,,,,,
2024-08-17,Port Vale,home,53.7,8,3,4.0,1.0,1,10,2,9.0,40.0,,,,,,,,,,,,,,,,,,,,,,,,,,,,,,,,,,,,,,,,,,,,,,,,
2024-08-17,Tranmere Rovers,away,46.3,6,1,0.0,5.0,4,11,5,21.0,31.0,,,,,,,,,,,,,,,,,,,,,,,,,,,,,,,,,,,,,,,,,,,,,,,,
2024-08-20,Tranmere Rovers,home,55.9,11,4,3.0,4.0,7,9,8,14.0,19.0,,,,,,,,,,,,,,,,,,,,,,,,,,,,,,,,,,,,,,,,,,,,,,,,
2024-08-20,Everton U21,away,44.1,21,10,7.0,4.0,2,9,6,43.0,26.0,,,,,,,,,,,,,,,,,,,,,,,,,,,,,,,,,,,,,,,,,,,,,,,,
2024-08-24,Tranmere Rovers,home,39.2,4,1,2.0,1.0,1,15,4,12.0,30.0,,,,,,,,,,,,,,,,,,,,,,,,,,,,,,,,,,,,,,,,,,,,,,,,
2024-08-24,Walsall,away,60.8,13,2,6.0,5.0,0,18,7,29.0,28.0,,,,,,,,,,,,,,,,,,,,,,,,,,,,,,,,,,,,,,,,,,,,,,,,
2024-08-27,Leicester City,home,70.5,22,8,8.0,6.0,0,6,9,38.0,15.0,,,,,,,,,,,,,,,,,,,,,,,,,,,,,,,,,,,,,,,,,,,,,,,,
2024-08-27,Tranmere Rovers,away,29.5,3,0,2.0,1.0,4,9,1,4.0,5.0,,,,,,,,,,,,,,,,,,,,,,,,,,,,,,,,,,,,,,,,,,,,,,,,
2024-08-31,Carlisle United,home,61.2,14,2,9.0,3.0,1,9,3,27.0,38.0,,,,,,,,,,,,,,,,,,,,,,,,,,,,,,,,,,,,,,,,,,,,,,,,
2024-08-31,Tranmere Rovers,away,38.8,4,3,0.0,1.0,1,10,6,14.0,32.0,,,,,,,,,,,,,,,,,,,,,,,,,,,,,,,,,,,,,,,,,,,,,,,,
2024-09-14,Gillingham,home,36.8,12,5,6.0,1.0,4,10,5,20.0,20.0,,,,,,,,,,,,,,,,,,,,,,,,,,,,,,,,,,,,,,,,,,,,,,,,
2024-09-14,Tranmere Rovers,away,63.2,19,4,6.0,9.0,2,11,10,38.0,25.0,,,,,,,,,,,,,,,,,,,,,,,,,,,,,,,,,,,,,,,,,,,,,,,,
2024-09-21,Colchester United,home,35.7,11,8,3.0,0.0,6,7,2,20.0,8.0,,,,,,,,,,,,,,,,,,,,,,,,,,,,,,,,,,,,,,,,,,,,,,,,
2024-09-21,Tranmere Rovers,away,64.3,14,6,5.0,3.0,5,10,5,12.0,17.0,,,,,,,,,,,,,,,,,,,,,,,,,,,,,,,,,,,,,,,,,,,,,,,,
2024-09-27,Tranmere Rovers,home,53.3,16,6,7.0,3.0,3,11,11,27.0,37.0,,,,,,,,,,,,,,,,,,,,,,,,,,,,,,,,,,,,,,,,,,,,,,,,
2024-09-27,Salford City,away,46.7,8,3,4.0,1.0,6,15,4,14.0,37.0,,,,,,,,,,,,,,,,,,,,,,,,,,,,,,,,,,,,,,,,,,,,,,,,
2024-10-01,Tranmere Rovers,home,50.2,14,3,7.0,4.0,2,6,4,24.0,23.0,,,,,,,,,,,,,,,,,,,,,,,,,,,,,,,,,,,,,,,,,,,,,,,,
2024-10-01,Swindon Town,away,49.8,18,2,11.0,5.0,2,10,6,27.0,16.0,,,,,,,,,,,,,,,,,,,,,,,,,,,,,,,,,,,,,,,,,,,,,,,,
2024-10-05,Milton Keynes Dons,home,55.0,10,4,4.0,2.0,2,12,5,15.0,30.0,,,,,,,,,,,,,,,,,,,,,,,,,,,,,,,,,,,,,,,,,,,,,,,,
2024-10-05,Tranmere Rovers,away,45.0,8,3,2.0,3.0,3,12,5,12.0,17.0,,,,,,,,,,,,,,,,,,,,,,,,,,,,,,,,,,,,,,,,,,,,,,,,
2024-10-08,Tranmere Rovers,home,59.3,24,10,6.0,8.0,2,9,8,26.0,26.0,,,,,,,,,,,,,,,,,,,,,,,,,,,,,,,,,,,,,,,,,,,,,,,,
2024-10-08,Accrington Stanley,away,40.7,9,3,5.0,1.0,8,11,6,16.0,33.0,,,,,,,,,,,,,,,,,,,,,,,,,,,,,,,,,,,,,,,,,,,,,,,,
2024-10-12,Tranmere Rovers,home,59.9,13,2,7.0,4.0,1,11,8,27.0,24.0,,,,,,,,,,,,,,,,,,,,,,,,,,,,,,,,,,,,,,,,,,,,,,,,
2024-10-12,Bradford City,away,40.1,8,3,4.0,1.0,2,10,2,11.0,20.0,,,,,,,,,,,,,,,,,,,,,,,,,,,,,,,,,,,,,,,,,,,,,,,,
2024-10-19,Bromley,home,51.1,25,8,12.0,5.0,1,9,9,35.0,24.0,,,,,,,,,,,,,,,,,,,,,,,,,,,,,,,,,,,,,,,,,,,,,,,,
2024-10-19,Tranmere Rovers,away,48.9,11,3,4.0,4.0,6,11,6,26.0,29.0,,,,,,,,,,,,,,,,,,,,,,,,,,,,,,,,,,,,,,,,,,,,,,,,
2024-10-22,Tranmere Rovers,home,57.8,18,3,6.0,9.0,0,14,3,20.0,31.0,,,,,,,,,,,,,,,,,,,,,,,,,,,,,,,,,,,,,,,,,,,,,,,,
2024-10-22,Grimsby Town,away,42.2,10,2,7.0,1.0,3,8,2,19.0,21.0,,,,,,,,,,,,,,,,,,,,,,,,,,,,,,,,,,,,,,,,,,,,,,,,
2024-10-26,Crewe Alexandra,home,59.3,13,6,4.0,3.0,2,7,6,20.0,16.0,,,,,,,,,,,,,,,,,,,,,,,,,,,,,,,,,,,,,,,,,,,,,,,,
2024-10-26,Tranmere Rovers,away,40.7,12,3,5.0,4.0,3,10,3,15.0,27.0,,,,,,,,,,,,,,,,,,,,,,,,,,,,,,,,,,,,,,,,,,,,,,,,
2024-11-02,Tranmere Rovers,home,60.0,17,6,4.0,7.0,1,8,10,,,,,,,,,,,,,,,,,,,,,,,,,,,,,,,,,,,,,,,,,,,,,,,,,,
2024-11-02,Oldham Athletic,away,40.0,6,3,3.0,0.0,5,14,2,,,,,,,,,,,,,,,,,,,,,,,,,,,,,,,,,,,,,,,,,,,,,,,,,,
2024-11-09,Tranmere Rovers,home,53.3,15,5,5.0,5.0,1,16,7,26.0,35.0,3.0,15.0,5.0,5.0,5.0,7.0,5.0,20.0,5.0,10.0,1.0,2.0,2.0,10.0,637.0,26.0,415.0,283.0,63.0,204.0,82.0,52.0,94.0,98.0,5.0,8.0,20.0,1.0,1.0,3.0,7.0,1.0,16.0,22.0,15.0,2.0,17.0,6.0,77.0,56.0,35.0,19.0,,,,,,
2024-11-09,Newport County,away,46.7,10,2,4.0,4.0,3,12,2,17.0,19.0,4.0,10.0,2.0,4.0,4.0,2.0,1.0,10.0,5.0,5.0,,,,6.0,581.0,17.0,370.0,236.0,49.0,160.0,41.0,66.0,76.0,62.0,1.0,6.0,10.0,3.0,,4.0,8.0,1.0,12.0,20.0,17.0,2.0,30.0,10.0,56.0,77.0,19.0,35.0,2.0,,,,,
2024-11-12,Stockport County,home,58.7,19,5,9.0,5.0,5,6,4,25.0,21.0,0.0,19.0,5.0,9.0,5.0,4.0,,33.0,12.0,7.0,1.0,,1.0,18.0,774.0,25.0,563.0,490.0,93.0,168.0,82.0,86.0,43.0,123.0,,10.0,33.0,5.0,3.0,4.0,2.0,2.0,6.0,13.0,9.0,1.0,18.0,8.0,49.0,57.0,21.0,18.0,3.0,1.0,1.0,,,
2024-11-12,Tranmere Rovers,away,41.3,12,7,2.0,3.0,5,12,3,14.0,18.0,5.0,12.0,7.0,2.0,3.0,3.0,1.0,16.0,3.0,9.0,1.0,1.0,,11.0,609.0,14.0,401.0,314.0,84.0,179.0,41.0,35.0,66.0,59.0,1.0,7.0,16.0,5.0,,6.0,7.0,4.0,12.0,29.0,16.0,2.0,33.0,15.0,57.0,49.0,18.0,21.0,1.0,1.0,,,,
2024-11-22,Cheltenham Town,home,53.3,14,4,5.0,5.0,4,7,5,21.0,34.0,3.0,14.0,4.0,5.0,5.0,5.0,2.0,26.0,9.0,5.0,,,,12.0,614.0,21.0,365.0,250.0,55.0,162.0,70.0,48.0,78.0,74.0,2.0,13.0,26.0,4.0,3.0,3.0,6.0,2.0,7.0,14.0,8.0,1.0,40.0,23.0,71.0,73.0,34.0,45.0,2.0,,,,,
2024-11-22,Tranmere Rovers,away,46.7,10,4,2.0,4.0,2,13,9,18.0,46.0,4.0,10.0,4.0,2.0,4.0,9.0,2.0,21.0,4.0,6.0,,,,5.0,545.0,18.0,322.0,206.0,52.0,170.0,53.0,37.0,84.0,70.0,2.0,2.0,21.0,2.0,1.0,2.0,10.0,1.0,13.0,18.0,12.0,3.0,41.0,21.0,74.0,72.0,46.0,35.0,2.0,,1.0,,,
2024-11-26,Tranmere Rovers,home,60.5,14,6,6.0,2.0,2,11,4,23.0,37.0,4.0,14.0,6.0,6.0,2.0,4.0,2.0,21.0,2.0,12.0,2.0,,,12.0,678.0,23.0,472.0,344.0,73.0,200.0,49.0,55.0,78.0,90.0,2.0,6.0,21.0,2.0,,7.0,10.0,2.0,11.0,16.0,11.0,4.0,25.0,16.0,68.0,49.0,37.0,29.0,,2.0,1.0,,,
2024-11-26,AFC Wimbledon,away,39.5,9,4,2.0,3.0,5,14,2,14.0,25.0,3.0,9.0,4.0,2.0,3.0,2.0,2.0,15.0,6.0,3.0,2.0,2.0,,7.0,484.0,14.0,306.0,181.0,43.0,154.0,53.0,25.0,91.0,52.0,2.0,9.0,15.0,5.0,1.0,6.0,13.0,,14.0,11.0,7.0,1.0,18.0,5.0,46.0,68.0,25.0,35.0,6.0,,,,,
2024-12-03,Tranmere Rovers,home,61.9,20,3,9.0,8.0,0,16,11,34.0,34.0,2.0,20.0,3.0,9.0,8.0,11.0,6.0,33.0,8.0,12.0,2.0,2.0,,12.0,685.0,34.0,467.0,343.0,86.0,199.0,90.0,67.0,98.0,133.0,6.0,7.0,33.0,,,8.0,4.0,,16.0,7.0,2.0,,21.0,15.0,61.0,63.0,34.0,31.0,,,,1.0,,
2024-12-03,Morecambe,away,38.1,7,2,2.0,3.0,1,15,4,13.0,31.0,4.0,7.0,2.0,2.0,3.0,4.0,,19.0,2.0,5.0,,1.0,,5.0,478.0,13.0,290.0,178.0,45.0,172.0,35.0,36.0,94.0,63.0,,5.0,19.0,1.0,1.0,4.0,14.0,,15.0,13.0,9.0,3.0,43.0,21.0,63.0,61.0,31.0,34.0,1.0,,1.0,,,
2024-12-07,Chesterfield,home,51.5,20,8,5.0,7.0,2,8,3,28.0,17.0,4.0,20.0,8.0,5.0,7.0,3.0,,10.0,8.0,12.0,2.0,2.0,2.0,15.0,617.0,28.0,406.0,328.0,74.0,144.0,62.0,72.0,60.0,94.0,,6.0,10.0,2.0,1.0,9.0,8.0,,8.0,15.0,9.0,2.0,36.0,13.0,54.0,41.0,17.0,15.0,3.0,1.0,,1.0,1.0,
2024-12-07,Tranmere Rovers,away,48.5,6,3,0.0,3.0,4,8,4,15.0,15.0,4.0,6.0,3.0,,3.0,4.0,3.0,16.0,2.0,4.0,,,,2.0,557.0,15.0,379.0,277.0,78.0,174.0,57.0,34.0,69.0,61.0,3.0,9.0,16.0,4.0,2.0,6.0,12.0,1.0,8.0,12.0,6.0,3.0,16.0,7.0,41.0,54.0,15.0,17.0,4.0,,,,1.0,
2024-12-10,Rotherham United,home,45.5,16,7,,,4,9,13,31.0,22.0,5.0,16.0,7.0,1.0,8.0,,2.0,,6.0,,,,1.0,,592.0,31.0,386.0,298.0,70.0,146.0,,,62.0,82.0,,8.0,34.0,4.0,2.0,3.0,5.0,1.0,9.0,19.0,16.0,1.0,18.0,11.0,61.0,,22.0,,3.0,,,,,
2024-12-10,Tranmere Rovers,away,54.5,12,6,,,4,15,0,13.0,17.0,5.0,12.0,6.0,4.0,2.0,,,,6.0,,,,,,692.0,13.0,492.0,407.0,89.0,171.0,,,50.0,62.0,,12.0,9.0,4.0,1.0,6.0,3.0,2.0,15.0,20.0,12.0,1.0,32.0,20.0,48.0,,17.0,,2.0,,,,,
2024-12-14,Tranmere Rovers,home,57.5,21,5,,,4,15,11,34.0,51.0,1.0,21.0,5.0,7.0,9.0,,,,5.0,,,,,,631.0,34.0,376.0,262.0,57.0,186.0,,,74.0,97.0,,10.0,33.0,4.0,,4.0,3.0,2.0,15.0,14.0,9.0,2.0,61.0,49.0,77.0,,51.0,,2.0,,,,,
2024-12-14,Harrogate Town,away,42.5,7,5,,,2,10,2,16.0,38.0,3.0,7.0,5.0,1.0,1.0,,1.0,,3.0,,,,,,543.0,16.0,282.0,168.0,44.0,142.0,,,71.0,51.0,,8.0,20.0,2.0,1.0,3.0,11.0,,10.0,14.0,7.0,1.0,70.0,32.0,71.0,,38.0,,3.0,,1.0,,1.0,
2024-12-21,Doncaster Rovers,home,56.1,22,10,,,3,12,4,32.0,34.0,5.0,22.0,10.0,8.0,4.0,,2.0,,6.0,,,,2.0,,630.0,32.0,382.0,270.0,52.0,166.0,,,71.0,78.0,,7.0,22.0,3.0,2.0,7.0,9.0,1.0,12.0,15.0,8.0,1.0,37.0,20.0,67.0,,34.0,,2.0,,1.0,2.0,,
2024-12-21,Tranmere Rovers,away,43.9,10,4,,,7,9,4,17.0,22.0,5.0,10.0,4.0,3.0,3.0,,1.0,,3.0,,,,,,509.0,17.0,302.0,177.0,42.0,153.0,,,77.0,43.0,,12.0,14.0,7.0,5.0,6.0,10.0,3.0,9.0,19.0,10.0,2.0,24.0,9.0,57.0,,22.0,,4.0,,,,,
2024-12-29,Tranmere Rovers,home,62.7,16,5,,,5,13,6,23.0,44.0,4.0,16.0,5.0,7.0,4.0,,1.0,,6.0,,,,,,650.0,23.0,416.0,293.0,65.0,194.0,,,83.0,96.0,,7.0,23.0,5.0,,5.0,6.0,1.0,13.0,15.0,12.0,3.0,47.0,31.0,80.0,,44.0,,4.0,,,,,
2024-12-29,Barrow,away,37.3,17,5,,,4,16,2,21.0,29.0,2.0,17.0,5.0,5.0,7.0,,2.0,,6.0,,,,2.0,,464.0,21.0,247.0,132.0,37.0,155.0,,,81.0,43.0,,10.0,16.0,4.0,3.0,1.0,12.0,1.0,16.0,13.0,9.0,5.0,34.0,17.0,58.0,,29.0,,3.0,,2.0,,,
2025-01-01,Morecambe,home,42.1,12,7,,,4,14,13,34.0,21.0,3.0,12.0,7.0,1.0,4.0,,1.0,,1.0,,,,,,495.0,34.0,282.0,185.0,51.0,130.0,,,67.0,79.0,,8.0,29.0,4.0,3.0,7.0,9.0,2.0,14.0,19.0,11.0,1.0,24.0,12.0,63.0,,21.0,,2.0,,,,,1.0
2025-01-01,Tranmere Rovers,away,57.9,11,4,,,5,17,1,16.0,14.0,5.0,11.0,4.0,7.0,,,4.0,,5.0,,,,,,628.0,16.0,427.0,325.0,70.0,189.0,,,62.0,86.0,,12.0,4.0,5.0,2.0,6.0,6.0,,17.0,15.0,13.0,3.0,27.0,12.0,46.0,,14.0,,5.0,,,1.0,,
2025-01-04,Tranmere Rovers,home,41.4,12,5,,,4,14,4,15.0,24.0,3.0,12.0,5.0,5.0,2.0,,3.0,,5.0,,,,,,548.0,15.0,343.0,210.0,64.0,172.0,,,74.0,77.0,,5.0,14.0,4.0,1.0,3.0,11.0,,14.0,20.0,16.0,3.0,38.0,23.0,57.0,,24.0,,5.0,,,,1.0,
2025-01-04,Carlisle United,away,58.6,19,5,,,4,4,6,22.0,18.0,3.0,19.0,5.0,5.0,9.0,,,,7.0,,,,,,705.0,22.0,488.0,367.0,60.0,205.0,,,69.0,72.0,,9.0,19.0,4.0,1.0,2.0,7.0,2.0,4.0,8.0,3.0,1.0,43.0,23.0,44.0,,18.0,,2.0,,,,,
2025-01-11,Walsall,home,44.8,21,10,,,0,11,4,28.0,25.0,5.0,21.0,10.0,7.0,4.0,,4.0,,8.0,,,,,,535.0,28.0,321.0,243.0,43.0,120.0,,,62.0,83.0,,4.0,17.0,,,1.0,2.0,,11.0,21.0,15.0,2.0,41.0,18.0,58.0,,25.0,,,,,,,
2025-01-11,Tranmere Rovers,away,55.2,11,1,,,5,11,2,31.0,31.0,5.0,11.0,1.0,3.0,7.0,,,,3.0,,,,,,597.0,31.0,397.0,301.0,61.0,145.0,,,72.0,63.0,,14.0,16.0,5.0,2.0,4.0,10.0,3.0,11.0,9.0,5.0,3.0,37.0,24.0,57.0,,31.0,,2.0,,,,,1.0
2025-01-18,AFC Wimbledon,home,57.9,7,4,,,2,9,1,18.0,27.0,3.0,7.0,4.0,1.0,2.0,,1.0,,1.0,,,,,,674.0,18.0,495.0,391.0,76.0,166.0,,,71.0,78.0,,1.0,14.0,2.0,1.0,3.0,13.0,,9.0,16.0,13.0,,53.0,33.0,58.0,,27.0,,1.0,,,,,
2025-01-18,Tranmere Rovers,away,42.1,8,1,,,2,14,4,15.0,25.0,4.0,8.0,1.0,6.0,1.0,,3.0,,4.0,,,,,,513.0,15.0,350.0,236.0,57.0,162.0,,,65.0,85.0,,8.0,17.0,2.0,1.0,6.0,8.0,,14.0,6.0,4.0,1.0,24.0,10.0,43.0,,25.0,,2.0,,1.0,,,
2025-01-25,Tranmere Rovers,home,59.8,20,5,,,1,12,3,40.0,25.0,4.0,20.0,5.0,6.0,9.0,,1.0,,8.0,,,,,,610.0,40.0,371.0,253.0,66.0,159.0,,,84.0,90.0,,5.0,26.0,1.0,,6.0,7.0,,12.0,16.0,13.0,,39.0,25.0,64.0,,25.0,,1.0,,,,,
2025-01-25,Gillingham,away,40.2,12,1,,,4,14,1,18.0,30.0,3.0,12.0,1.0,8.0,3.0,,3.0,,4.0,,,,,,492.0,18.0,254.0,150.0,24.0,133.0,,,63.0,52.0,,6.0,10.0,4.0,,7.0,10.0,,14.0,17.0,13.0,1.0,56.0,28.0,63.0,,30.0,,4.0,,1.0,,,
2025-01-28,Swindon Town,home,69.5,20,3,,,2,9,12,34.0,25.0,4.0,20.0,3.0,8.0,9.0,,,,10.0,,,,1.0,,654.0,34.0,463.0,369.0,67.0,148.0,,,68.0,107.0,,13.0,34.0,2.0,,8.0,5.0,1.0,9.0,10.0,6.0,2.0,13.0,8.0,51.0,,25.0,,1.0,,,,,
2025-01-28,Tranmere Rovers,away,30.5,6,3,,,0,11,3,4.0,22.0,4.0,6.0,3.0,2.0,1.0,,,,3.0,,,,,,406.0,4.0,210.0,127.0,31.0,121.0,,,75.0,33.0,,4.0,6.0,,,6.0,13.0,,11.0,19.0,11.0,1.0,56.0,37.0,50.0,,22.0,,,,,,,
2025-02-01,Tranmere Rovers,home,59.4,11,2,,,0,12,5,31.0,28.0,5.0,11.0,2.0,4.0,5.0,,,,6.0,,,,,,685.0,31.0,468.0,352.0,80.0,208.0,,,85.0,102.0,,8.0,29.0,,,4.0,3.0,,12.0,17.0,14.0,2.0,16.0,7.0,63.0,,28.0,,1.0,,,,1.0,1.0
2025-02-01,Colchester United,away,40.6,13,4,,,1,12,2,25.0,28.0,3.0,13.0,4.0,1.0,8.0,,2.0,,4.0,,,,,,543.0,25.0,335.0,231.0,58.0,142.0,,,72.0,81.0,,6.0,5.0,1.0,,3.0,10.0,,12.0,18.0,10.0,3.0,35.0,19.0,63.0,,28.0,,1.0,,,,,
2025-02-08,Salford City,home,47.5,15,6,,,4,14,2,19.0,23.0,5.0,15.0,6.0,5.0,4.0,,3.0,,4.0,,,,,,624.0,19.0,372.0,252.0,61.0,166.0,,,88.0,73.0,,13.0,12.0,4.0,3.0,7.0,6.0,2.0,14.0,18.0,12.0,2.0,45.0,23.0,61.0,,23.0,,2.0,,,,,
2025-02-08,Tranmere Rovers,away,52.5,9,4,,,3,12,6,24.0,29.0,5.0,9.0,4.0,3.0,2.0,,1.0,,3.0,,,,,,624.0,24.0,410.0,269.0,70.0,209.0,,,101.0,99.0,,14.0,21.0,3.0,2.0,2.0,8.0,2.0,12.0,25.0,14.0,2.0,31.0,18.0,67.0,,29.0,,2.0,,,1.0,1.0,
2025-02-11,Tranmere Rovers,home,49.1,13,5,,,0,11,2,25.0,33.0,3.0,13.0,5.0,5.0,3.0,,2.0,,5.0,,,,,,603.0,25.0,363.0,233.0,56.0,196.0,,,78.0,67.0,,12.0,26.0,,,3.0,8.0,,11.0,19.0,14.0,1.0,33.0,19.0,69.0,,33.0,,,,,,,
2025-02-11,Fleetwood Town,away,50.9,7,0,,,5,13,0,17.0,40.0,5.0,7.0,,6.0,1.0,,,,3.0,,,,,,610.0,17.0,387.0,242.0,50.0,189.0,,,112.0,60.0,,8.0,14.0,5.0,1.0,5.0,9.0,2.0,13.0,19.0,10.0,3.0,47.0,25.0,73.0,,40.0,,3.0,,,,,
2025-02-15,Tranmere Rovers,home,51.5,8,3,,,3,13,7,28.0,50.0,4.0,8.0,3.0,3.0,2.0,,1.0,,3.0,,,,,,582.0,28.0,373.0,240.0,60.0,191.0,,,79.0,88.0,,14.0,29.0,3.0,1.0,2.0,8.0,1.0,13.0,19.0,17.0,,20.0,8.0,89.0,,50.0,,2.0,,,,,1.0
2025-02-15,Milton Keynes Dons,away,48.5,7,4,,,3,17,3,10.0,33.0,3.0,7.0,4.0,3.0,,,1.0,,2.0,,,,,,605.0,10.0,367.0,270.0,60.0,151.0,,,72.0,56.0,,11.0,10.0,3.0,2.0,4.0,9.0,,17.0,22.0,12.0,3.0,51.0,26.0,78.0,,33.0,,2.0,,,1.0,,
2025-02-22,Notts County,home,57.9,13,5,,,5,8,5,17.0,22.0,4.0,13.0,5.0,4.0,4.0,,2.0,,5.0,,,,1.0,,702.0,17.0,485.0,389.0,94.0,153.0,,,61.0,95.0,,4.0,19.0,5.0,2.0,4.0,10.0,2.0,8.0,20.0,11.0,2.0,39.0,20.0,54.0,,22.0,,3.0,,,,,
2025-02-22,Tranmere Rovers,away,42.1,20,6,,,3,9,8,36.0,21.0,4.0,20.0,6.0,7.0,7.0,,,,8.0,,,,,,564.0,36.0,347.0,255.0,71.0,153.0,,,68.0,120.0,,9.0,23.0,3.0,,,5.0,1.0,9.0,17.0,11.0,4.0,19.0,6.0,51.0,,21.0,,2.0,,,,,
2025-02-25,Tranmere Rovers,home,63.4,18,4,,,4,10,4,36.0,36.0,5.0,18.0,4.0,7.0,7.0,,2.0,,6.0,,,,,,703.0,36.0,482.0,344.0,73.0,219.0,,,91.0,131.0,,5.0,29.0,4.0,,6.0,7.0,2.0,10.0,9.0,4.0,1.0,12.0,3.0,58.0,,36.0,,2.0,,,,,
2025-02-25,Accrington Stanley,away,36.6,10,5,,,3,12,1,10.0,37.0,3.0,10.0,5.0,5.0,,,1.0,,6.0,,,,,,501.0,10.0,289.0,155.0,29.0,160.0,,,82.0,41.0,,3.0,6.0,3.0,1.0,3.0,10.0,,12.0,14.0,10.0,3.0,48.0,25.0,70.0,,37.0,,4.0,,,1.0,1.0,1.0
2025-03-01,Tranmere Rovers,home,52.1,11,5,,,1,11,9,14.0,40.0,3.0,11.0,5.0,4.0,2.0,,,,6.0,,,,,,591.0,14.0,378.0,244.0,59.0,202.0,,,73.0,84.0,,10.0,26.0,1.0,1.0,4.0,7.0,,11.0,17.0,11.0,2.0,39.0,19.0,80.0,,40.0,,1.0,,,1.0,,
2025-03-01,Port Vale,away,47.9,7,2,,,4,13,3,19.0,35.0,4.0,7.0,2.0,4.0,1.0,,2.0,,2.0,,,,,,586.0,19.0,354.0,245.0,46.0,181.0,,,66.0,55.0,,11.0,17.0,4.0,2.0,4.0,7.0,2.0,13.0,16.0,11.0,2.0,61.0,29.0,69.0,,35.0,,2.0,,1.0,,,
2025-03-04,Grimsby Town,home,51.4,9,3,,,1,6,5,19.0,35.0,4.0,9.0,3.0,5.0,1.0,,1.0,,3.0,,,,,,610.0,19.0,350.0,234.0,37.0,154.0,,,69.0,64.0,,10.0,22.0,1.0,1.0,4.0,7.0,1.0,6.0,19.0,8.0,1.0,40.0,24.0,77.0,,35.0,,1.0,,,,1.0,1.0
2025-03-04,Tranmere Rovers,away,48.6,7,3,,,1,15,2,16.0,34.0,3.0,7.0,3.0,1.0,3.0,,1.0,,3.0,,,,,,567.0,16.0,344.0,214.0,45.0,163.0,,,82.0,69.0,,12.0,9.0,1.0,,2.0,12.0,,15.0,24.0,16.0,1.0,43.0,15.0,71.0,,34.0,,2.0,,1.0,,1.0,
2025-03-08,Tranmere Rovers,home,59.5,12,3,,,2,5,5,25.0,35.0,3.0,12.0,3.0,5.0,4.0,,1.0,,4.0,,,,,,652.0,25.0,440.0,319.0,72.0,201.0,,,72.0,127.0,,13.0,13.0,2.0,,6.0,6.0,,5.0,12.0,7.0,2.0,43.0,27.0,51.0,,35.0,,2.0,,,,,
2025-03-08,Bromley,away,40.5,4,3,,,1,4,3,18.0,30.0,5.0,4.0,3.0,1.0,,,1.0,,,,,,,,482.0,18.0,294.0,163.0,37.0,164.0,,,95.0,60.0,,9.0,14.0,1.0,,4.0,15.0,,4.0,20.0,13.0,2.0,13.0,6.0,62.0,,30.0,,1.0,,,,,
2025-03-15,Bradford City,home,65.9,16,3,,,1,16,4,21.0,19.0,3.0,16.0,3.0,10.0,3.0,,3.0,,7.0,,,,,,673.0,21.0,477.0,360.0,69.0,192.0,,,90.0,91.0,,10.0,20.0,1.0,,3.0,5.0,,16.0,11.0,9.0,3.0,15.0,10.0,52.0,,19.0,,1.0,,,1.0,,
2025-03-15,Tranmere Rovers,away,34.1,3,2,,,3,15,2,6.0,23.0,5.0,3.0,2.0,1.0,,,,,1.0,,,,,,422.0,6.0,250.0,142.0,35.0,147.0,,,82.0,32.0,,8.0,7.0,3.0,1.0,2.0,11.0,1.0,15.0,19.0,12.0,1.0,42.0,25.0,61.0,,23.0,,2.0,,,,,
2025-03-22,Fleetwood Town,home,49.9,11,1,,,4,9,1,18.0,41.0,5.0,11.0,1.0,7.0,3.0,,1.0,,6.0,,,,,,559.0,18.0,388.0,266.0,60.0,161.0,,,83.0,50.0,,3.0,12.0,4.0,1.0,5.0,6.0,,9.0,15.0,9.0,1.0,33.0,19.0,66.0,,41.0,,3.0,,,,,
2025-03-22,Tranmere Rovers,away,50.1,8,3,,,1,9,4,17.0,24.0,4.0,8.0,3.0,4.0,1.0,,4.0,,3.0,,,,,,572.0,17.0,391.0,276.0,71.0,162.0,,,77.0,84.0,,9.0,10.0,1.0,,6.0,13.0,1.0,9.0,8.0,7.0,1.0,33.0,28.0,44.0,,24.0,,,,,,,
2025-03-28,Tranmere Rovers,home,56.7,14,5,,,2,9,9,21.0,35.0,4.0,14.0,5.0,3.0,6.0,,,,8.0,,,,2.0,,596.0,21.0,351.0,241.0,54.0,168.0,,,65.0,93.0,,14.0,21.0,2.0,,5.0,6.0,1.0,9.0,13.0,10.0,1.0,41.0,30.0,69.0,,35.0,,1.0,,,,,
2025-03-28,Cheltenham Town,away,43.3,7,2,,,3,16,1,10.0,33.0,4.0,7.0,2.0,5.0,,,,,1.0,,,,,,506.0,10.0,268.0,159.0,41.0,140.0,,,72.0,44.0,,6.0,18.0,3.0,1.0,2.0,8.0,2.0,16.0,24.0,19.0,3.0,45.0,26.0,74.0,,33.0,,1.0,,1.0,,,
2025-04-01,Harrogate Town,home,32.1,10,4,,,4,11,1,15.0,24.0,2.0,10.0,4.0,2.0,4.0,,4.0,,5.0,,,,,,459.0,15.0,248.0,130.0,27.0,151.0,,,87.0,42.0,,15.0,12.0,4.0,4.0,1.0,10.0,1.0,11.0,19.0,12.0,2.0,26.0,11.0,55.0,,24.0,,3.0,,,,,
2025-04-01,Tranmere Rovers,away,67.9,15,6,,,1,9,5,29.0,22.0,5.0,15.0,6.0,5.0,4.0,,,,6.0,,,,2.0,,740.0,29.0,528.0,394.0,79.0,220.0,,,89.0,114.0,,10.0,21.0,1.0,,4.0,9.0,,9.0,23.0,10.0,3.0,30.0,14.0,55.0,,22.0,,1.0,,,,,
2025-04-05,Tranmere Rovers,home,36.6,11,6,,,2,9,5,25.0,21.0,5.0,11.0,6.0,,5.0,,6.0,,2.0,,,,,,477.0,25.0,297.0,199.0,44.0,152.0,,,72.0,70.0,,13.0,14.0,2.0,1.0,3.0,13.0,,9.0,22.0,14.0,,12.0,6.0,56.0,,21.0,,2.0,,1.0,,,
2025-04-05,Chesterfield,away,63.4,7,2,,,2,8,2,9.0,21.0,5.0,7.0,2.0,4.0,1.0,,1.0,,3.0,,,,,,732.0,9.0,530.0,427.0,84.0,187.0,,,78.0,83.0,,13.0,6.0,2.0,1.0,9.0,4.0,,8.0,20.0,13.0,3.0,27.0,8.0,53.0,,21.0,,2.0,,,,,
2025-04-12,Accrington Stanley,home,34.3,7,3,,,1,14,0,12.0,51.0,4.0,7.0,3.0,4.0,,,2.0,,2.0,,,,,,434.0,12.0,221.0,111.0,19.0,142.0,,,72.0,53.0,,7.0,10.0,1.0,1.0,3.0,10.0,,14.0,19.0,13.0,2.0,45.0,25.0,82.0,,51.0,,1.0,,3.0,,,
2025-04-12,Tranmere Rovers,away,65.7,14,4,,,0,10,7,14.0,41.0,5.0,14.0,4.0,4.0,6.0,,2.0,,10.0,,,,,,648.0,14.0,421.0,292.0,68.0,191.0,,,87.0,93.0,,12.0,20.0,,,8.0,5.0,,10.0,12.0,10.0,3.0,28.0,17.0,71.0,,41.0,,,,,,,
2025-04-18,Tranmere Rovers,home,60.1,10,3,,,3,12,2,14.0,33.0,5.0,10.0,3.0,5.0,2.0,,2.0,,6.0,,,,1.0,,689.0,14.0,474.0,336.0,95.0,211.0,,,104.0,133.0,,10.0,18.0,3.0,2.0,6.0,10.0,,12.0,18.0,12.0,1.0,21.0,12.0,66.0,,33.0,,3.0,,,,,
2025-04-18,Doncaster Rovers,away,39.9,13,6,,,3,13,5,21.0,44.0,5.0,13.0,6.0,5.0,2.0,,,,4.0,,,,,,543.0,21.0,321.0,185.0,44.0,180.0,,,75.0,53.0,,11.0,8.0,3.0,1.0,2.0,8.0,2.0,13.0,14.0,9.0,3.0,37.0,19.0,76.0,,44.0,,1.0,,1.0,,,
2025-04-21,Barrow,home,57.1,2,1,,,4,12,4,12.0,21.0,4.0,2.0,1.0,,1.0,,,,2.0,,,,,,652.0,12.0,447.0,319.0,66.0,203.0,,,79.0,53.0,,9.0,22.0,4.0,1.0,6.0,11.0,2.0,12.0,10.0,7.0,1.0,26.0,9.0,51.0,,21.0,,2.0,,1.0,,,
2025-04-21,Tranmere Rovers,away,42.9,8,4,,,1,18,3,25.0,19.0,4.0,8.0,4.0,3.0,1.0,,4.0,,4.0,,,,,,523.0,25.0,340.0,215.0,46.0,173.0,,,73.0,70.0,,7.0,14.0,1.0,1.0,3.0,3.0,1.0,18.0,21.0,12.0,3.0,31.0,22.0,54.0,,19.0,,,,,,,
2025-04-26,Tranmere Rovers,home,53.7,16,9,,,0,13,4,28.0,29.0,4.0,16.0,9.0,4.0,3.0,,1.0,,4.0,,,,1.0,,523.0,28.0,306.0,223.0,61.0,136.0,,,63.0,136.0,,6.0,21.0,,,3.0,5.0,,13.0,11.0,7.0,3.0,39.0,28.0,59.0,,29.0,,,,,,,
2025-04-26,Crewe Alexandra,away,46.3,5,0,,,7,16,2,8.0,13.0,3.0,5.0,,1.0,4.0,,3.0,,2.0,,,,,,460.0,8.0,268.0,193.0,25.0,102.0,,,60.0,25.0,,4.0,14.0,7.0,4.0,3.0,9.0,2.0,16.0,15.0,9.0,1.0,31.0,15.0,42.0,,13.0,,5.0,,,,,
